-- phpMyAdmin SQL Dump
-- version 5.0.2
-- https://www.phpmyadmin.net/
--
-- Host: 127.0.0.1
-- Generation Time: Aug 11, 2020 at 09:02 AM
-- Server version: 10.4.11-MariaDB
-- PHP Version: 7.2.31

SET SQL_MODE = "NO_AUTO_VALUE_ON_ZERO";
START TRANSACTION;
SET time_zone = "+00:00";


/*!40101 SET @OLD_CHARACTER_SET_CLIENT=@@CHARACTER_SET_CLIENT */;
/*!40101 SET @OLD_CHARACTER_SET_RESULTS=@@CHARACTER_SET_RESULTS */;
/*!40101 SET @OLD_COLLATION_CONNECTION=@@COLLATION_CONNECTION */;
/*!40101 SET NAMES utf8mb4 */;

--
-- Database: `sijabfung-new`
--

-- --------------------------------------------------------

--
-- Table structure for table `categories`
--

CREATE TABLE `categories` (
  `id` bigint(20) UNSIGNED NOT NULL,
  `name` varchar(255) COLLATE utf8mb4_unicode_ci NOT NULL,
  `created_at` timestamp NULL DEFAULT NULL,
  `updated_at` timestamp NULL DEFAULT NULL
) ENGINE=InnoDB DEFAULT CHARSET=utf8mb4 COLLATE=utf8mb4_unicode_ci;

--
-- Dumping data for table `categories`
--

INSERT INTO `categories` (`id`, `name`, `created_at`, `updated_at`) VALUES
(4, 'Keterampilan', '2020-06-21 22:11:41', '2020-06-21 22:11:41'),
(5, 'Keahlian', '2020-06-21 22:12:04', '2020-06-21 22:12:04');

-- --------------------------------------------------------

--
-- Table structure for table `dasar_hukum`
--

CREATE TABLE `dasar_hukum` (
  `id` bigint(20) UNSIGNED NOT NULL,
  `judul` varchar(255) COLLATE utf8mb4_unicode_ci NOT NULL,
  `file_path` text COLLATE utf8mb4_unicode_ci NOT NULL,
  `status` tinyint(4) NOT NULL DEFAULT 1,
  `created_at` timestamp NULL DEFAULT NULL,
  `updated_at` timestamp NULL DEFAULT NULL
) ENGINE=InnoDB DEFAULT CHARSET=utf8mb4 COLLATE=utf8mb4_unicode_ci;

--
-- Dumping data for table `dasar_hukum`
--

INSERT INTO `dasar_hukum` (`id`, `judul`, `file_path`, `status`, `created_at`, `updated_at`) VALUES
(14, 'Widyaiswara', 'document_5ef1cc0da45bb_1592904717.pdf', 1, '2020-06-23 02:31:57', '2020-06-23 02:31:57'),
(16, 'P2UPD', 'document_5ef20665b8eae_1592919653.pdf', 1, '2020-06-23 06:40:53', '2020-06-23 06:40:53'),
(17, 'PENELITI', 'document_5ef2069bbe6b3_1592919707.pdf', 1, '2020-06-23 06:41:47', '2020-06-23 06:41:47'),
(18, 'Analis Kepegawaian', 'document_5ef206d33fe86_1592919763.pdf', 1, '2020-06-23 06:42:43', '2020-06-23 06:42:43'),
(19, 'Pranata Komputer', 'document_5ef207103a333_1592919824.pdf', 1, '2020-06-23 06:43:44', '2020-06-23 06:43:44'),
(20, 'Pustakawan', 'document_5ef2073fbfa75_1592919871.pdf', 1, '2020-06-23 06:44:31', '2020-06-23 06:44:31'),
(21, 'Arsiparis', 'document_5ef2076ad8a55_1592919914.pdf', 1, '2020-06-23 06:45:14', '2020-06-23 06:45:14'),
(22, 'Perencana', 'document_5ef20796d2a61_1592919958.pdf', 1, '2020-06-23 06:45:58', '2020-06-23 06:45:58'),
(23, 'Pengelola Barang dan Jasa', 'document_5ef207bad7d1b_1592919994.pdf', 1, '2020-06-23 06:46:34', '2020-06-23 06:46:34'),
(24, 'Penerjemah', 'document_5ef208049beff_1592920068.pdf', 1, '2020-06-23 06:47:48', '2020-06-23 06:47:48'),
(25, 'Analis Kebijakan', 'document_5ef20823eac51_1592920099.pdf', 1, '2020-06-23 06:48:19', '2020-06-23 06:48:19'),
(26, 'Pranata Humas', 'document_5ef2084f56bd4_1592920143.pdf', 1, '2020-06-23 06:49:03', '2020-06-23 06:49:03'),
(27, 'Pengawas Perikanan', 'document_5ef208819986d_1592920193.pdf', 1, '2020-06-23 06:49:53', '2020-06-23 06:49:53'),
(28, 'Pengawas Mutu Hasil Pertanian', 'document_5ef208b7eb6ca_1592920247.pdf', 1, '2020-06-23 06:50:47', '2020-06-23 06:50:47'),
(29, 'Analis Ketahanan Pangan', 'document_5ef208dcde422_1592920284.pdf', 1, '2020-06-23 06:51:24', '2020-06-23 06:51:24'),
(30, 'Pengawas Mutu Pakan', 'document_5ef2090c4aea1_1592920332.pdf', 1, '2020-06-23 06:52:12', '2020-06-23 06:52:12'),
(31, 'Pengawas Bibit Ternak', 'document_5ef20937938a6_1592920375.pdf', 1, '2020-06-23 06:52:55', '2020-06-23 06:52:55'),
(32, 'Medik Veteriner', 'document_5ef20964e8a58_1592920420.pdf', 1, '2020-06-23 06:53:40', '2020-06-23 06:53:40'),
(33, 'POPT', 'document_5ef2098a55302_1592920458.pdf', 1, '2020-06-23 06:54:18', '2020-06-23 06:54:18'),
(34, 'Pengawas Benih Tanaman', 'document_5ef209bf0dd13_1592920511.pdf', 1, '2020-06-23 06:55:11', '2020-06-23 06:55:11'),
(35, 'Penyuluh Pertanian', 'document_5ef209f068e18_1592920560.pdf', 1, '2020-06-23 06:56:00', '2020-06-23 06:56:00'),
(36, 'Analis Pasar Hasil Pertanian', 'document_5ef20a18e07d8_1592920600.pdf', 1, '2020-06-23 06:56:40', '2020-06-23 06:56:40'),
(37, 'Polisi Kehutanan', 'document_5ef20a44e18aa_1592920644.pdf', 1, '2020-06-23 06:57:24', '2020-06-23 06:57:24'),
(38, 'Penyuluh Kehutanan', 'document_5ef20a881faf2_1592920712.pdf', 1, '2020-06-23 06:58:32', '2020-06-23 06:58:32'),
(39, 'Pengendali Dampak Lingkungan', 'document_5ef20aacc9f5e_1592920748.pdf', 1, '2020-06-23 06:59:08', '2020-06-23 06:59:08'),
(40, 'Pengantar Kerja', 'document_5ef20ad0b958c_1592920784.pdf', 1, '2020-06-23 06:59:44', '2020-06-23 06:59:44'),
(41, 'Pengawas Ketenagakerjaan', 'document_5ef20af301bf0_1592920819.pdf', 1, '2020-06-23 07:00:19', '2020-06-23 07:00:19'),
(42, 'Mediator Hubungan Industrial', 'document_5ef20b27802e5_1592920871.pdf', 1, '2020-06-23 07:01:11', '2020-06-23 07:01:11'),
(43, 'Litkayasa', 'document_5ef20b473d7ee_1592920903.pdf', 1, '2020-06-23 07:01:43', '2020-06-23 07:01:43'),
(44, 'Penguji K3', 'document_5ef20b6b680c4_1592920939.pdf', 1, '2020-06-23 07:02:19', '2020-06-23 07:02:19'),
(45, 'Penggerak Swadaya Masyarakat', 'document_5ef20ba4a2bd2_1592920996.pdf', 1, '2020-06-23 07:03:16', '2020-06-23 07:03:16'),
(46, 'Instruktur', 'document_5ef20cab15807_1592921259.pdf', 1, '2020-06-23 07:07:39', '2020-06-23 07:07:39'),
(47, 'Pekerja Sosial', 'document_5ef20d9705db0_1592921495.pdf', 1, '2020-06-23 07:11:35', '2020-06-23 07:11:35'),
(48, 'Penyuluh Sosial', 'document_5ef20e3dea129_1592921661.pdf', 1, '2020-06-23 07:14:21', '2020-06-23 07:14:21'),
(49, 'Penyelidik Bumi', 'document_5ef20eed7e997_1592921837.pdf', 1, '2020-06-23 07:17:17', '2020-06-23 07:17:17'),
(50, 'Polisi Pamong Praja', 'document_5ef20ff97cbfd_1592922105.pdf', 1, '2020-06-23 07:21:45', '2020-06-23 07:21:45'),
(51, 'Auditor', 'document_5ef2105231a60_1592922194.pdf', 1, '2020-06-23 07:23:14', '2020-06-23 07:23:14'),
(52, 'Teknik Pengairan', 'document_5ef2117c704ce_1592922492.pdf', 1, '2020-06-23 07:28:12', '2020-06-23 07:28:12'),
(53, 'Pengawas Sekolah', 'document_5ef212124aa4c_1592922642.pdf', 1, '2020-06-23 07:30:42', '2020-06-23 07:30:42'),
(54, 'Guru', 'document_5ef213b5890a6_1592923061.pdf', 1, '2020-06-23 07:37:41', '2020-06-23 07:37:41'),
(55, 'Penyuluh Perindag', 'document_5ef2142fa5626_1592923183.pdf', 1, '2020-06-23 07:39:43', '2020-06-23 07:39:43'),
(56, 'Penguji Mutu Barang', 'document_5ef214ada1ef2_1592923309.pdf', 1, '2020-06-23 07:41:49', '2020-06-23 07:41:49'),
(57, 'Statistisi', 'document_5ef215086abae_1592923400.pdf', 1, '2020-06-23 07:43:20', '2020-06-23 07:43:20'),
(58, 'Dokter', 'document_5ef216c33e2de_1592923843.pdf', 1, '2020-06-23 07:50:43', '2020-06-23 07:50:43'),
(59, 'Dokter Gigi', 'document_5ef2172958a74_1592923945.pdf', 1, '2020-06-23 07:52:25', '2020-06-23 07:52:25'),
(60, 'Perawat', 'document_5ef218a00f557_1592924320.pdf', 1, '2020-06-23 07:58:40', '2020-06-23 07:58:40'),
(61, 'Perawat Gigi', 'document_5ef21953715b9_1592924499.pdf', 1, '2020-06-23 08:01:39', '2020-06-23 08:01:39'),
(62, 'Bidan', 'document_5ef219c89a4b8_1592924616.pdf', 1, '2020-06-23 08:03:36', '2020-06-23 08:03:36'),
(63, 'Apoteker', 'document_5ef21adea8b4e_1592924894.pdf', 1, '2020-06-23 08:08:14', '2020-06-23 08:08:14'),
(64, 'Asisten Apoteker', 'document_5ef21b599ee5c_1592925017.pdf', 1, '2020-06-23 08:10:17', '2020-06-23 08:10:17'),
(65, 'Nutrisionis', 'document_5ef21bf62cccd_1592925174.pdf', 1, '2020-06-23 08:12:54', '2020-06-23 08:12:54'),
(66, 'Pranata Laboratorium Kesehatan', 'document_5ef21c6f2a30d_1592925295.pdf', 1, '2020-06-23 08:14:55', '2020-06-23 08:14:55'),
(67, 'Adminkes', 'document_5ef21cda5f70b_1592925402.pdf', 1, '2020-06-23 08:16:42', '2020-06-23 08:16:42'),
(68, 'Penyuluh Kesehatan Masyarakat', 'document_5ef21dd34e59f_1592925651.pdf', 1, '2020-06-23 08:20:51', '2020-06-23 08:20:51'),
(69, 'Fisioterapis', 'document_5ef223ae54c77_1592927150.pdf', 1, '2020-06-23 08:45:50', '2020-06-23 08:45:50'),
(70, 'Teknisi Elektromedis', 'document_5ef224a52ef02_1592927397.pdf', 1, '2020-06-23 08:49:57', '2020-06-23 08:49:57'),
(71, 'Perekam Medis', 'document_5ef22539aff33_1592927545.pdf', 1, '2020-06-23 08:52:25', '2020-06-23 08:52:25'),
(72, 'Radiografer', 'document_5ef225ef649f5_1592927727.pdf', 1, '2020-06-23 08:55:27', '2020-06-23 08:55:27'),
(73, 'Psikologi Klinis', 'document_5ef2264f81648_1592927823.pdf', 1, '2020-06-23 08:57:03', '2020-06-23 08:57:03'),
(74, 'Refraksionis Optisien', 'document_5ef2289939fde_1592928409.pdf', 1, '2020-06-23 09:06:49', '2020-06-23 09:06:49'),
(75, 'Sanitarian', 'document_5ef228fb788aa_1592928507.pdf', 1, '2020-06-23 09:08:27', '2020-06-23 09:08:27'),
(76, 'Okupasi Terapis', 'document_5ef2296977575_1592928617.pdf', 1, '2020-06-23 09:10:17', '2020-06-23 09:10:17'),
(77, 'Pembimbing Kesehatan Kerja', 'document_5ef229cea3fe3_1592928718.pdf', 1, '2020-06-23 09:11:58', '2020-06-23 09:11:58');

-- --------------------------------------------------------

--
-- Table structure for table `detail_jabfung`
--

CREATE TABLE `detail_jabfung` (
  `id` bigint(20) UNSIGNED NOT NULL,
  `jabfung` bigint(20) UNSIGNED NOT NULL,
  `kategori` bigint(20) UNSIGNED NOT NULL,
  `lingkup` bigint(20) UNSIGNED NOT NULL,
  `created_at` timestamp NULL DEFAULT NULL,
  `updated_at` timestamp NULL DEFAULT NULL
) ENGINE=InnoDB DEFAULT CHARSET=utf8mb4 COLLATE=utf8mb4_unicode_ci;

--
-- Dumping data for table `detail_jabfung`
--

INSERT INTO `detail_jabfung` (`id`, `jabfung`, `kategori`, `lingkup`, `created_at`, `updated_at`) VALUES
(9, 40, 5, 2, '2020-06-22 01:04:06', '2020-06-22 01:04:06'),
(10, 41, 5, 2, '2020-06-22 01:04:25', '2020-06-22 01:04:25'),
(12, 35, 5, 2, '2020-06-22 01:06:23', '2020-06-22 01:06:23'),
(13, 35, 4, 1, '2020-06-22 01:06:23', '2020-06-22 01:06:23'),
(18, 68, 5, 2, '2020-06-22 01:11:26', '2020-06-22 01:11:26'),
(21, 36, 5, 1, '2020-06-22 01:15:27', '2020-06-22 01:15:27'),
(22, 36, 5, 2, '2020-06-22 01:15:27', '2020-06-22 01:15:27'),
(23, 4, 5, 1, '2020-06-22 01:16:07', '2020-06-22 01:16:07'),
(24, 4, 5, 2, '2020-06-22 01:16:07', '2020-06-22 01:16:07'),
(25, 38, 4, 2, '2020-06-22 01:18:07', '2020-06-22 01:18:07'),
(26, 3, 4, 2, '2020-06-22 01:19:37', '2020-06-22 01:19:37'),
(27, 3, 5, 2, '2020-06-22 01:19:37', '2020-06-22 01:19:37'),
(28, 5, 5, 2, '2020-06-22 01:20:05', '2020-06-22 01:20:05'),
(29, 6, 5, 2, '2020-06-22 01:20:23', '2020-06-22 01:20:23'),
(30, 7, 4, 1, '2020-06-22 01:21:08', '2020-06-22 01:21:08'),
(31, 7, 4, 2, '2020-06-22 01:21:09', '2020-06-22 01:21:09'),
(32, 7, 5, 1, '2020-06-22 01:21:09', '2020-06-22 01:21:09'),
(33, 7, 5, 2, '2020-06-22 01:21:09', '2020-06-22 01:21:09'),
(34, 44, 4, 1, '2020-06-22 01:21:30', '2020-06-22 01:21:30'),
(35, 44, 4, 2, '2020-06-22 01:21:30', '2020-06-22 01:21:30'),
(36, 44, 5, 2, '2020-06-22 01:21:30', '2020-06-22 01:21:30'),
(37, 44, 5, 1, '2020-06-22 01:21:30', '2020-06-22 01:21:30'),
(38, 66, 4, 1, '2020-06-22 01:22:24', '2020-06-22 01:22:24'),
(39, 66, 5, 2, '2020-06-22 01:22:24', '2020-06-22 01:22:24'),
(40, 66, 4, 2, '2020-06-22 01:22:25', '2020-06-22 01:22:25'),
(41, 66, 5, 1, '2020-06-22 01:22:25', '2020-06-22 01:22:25'),
(42, 9, 5, 2, '2020-06-22 01:23:43', '2020-06-22 01:23:43'),
(43, 9, 4, 2, '2020-06-22 01:23:43', '2020-06-22 01:23:43'),
(44, 9, 5, 1, '2020-06-22 01:23:43', '2020-06-22 01:23:43'),
(45, 9, 4, 1, '2020-06-22 01:23:43', '2020-06-22 01:23:43'),
(46, 10, 5, 2, '2020-06-22 01:24:18', '2020-06-22 01:24:18'),
(47, 11, 5, 2, '2020-06-22 01:24:47', '2020-06-22 01:24:47'),
(48, 11, 5, 1, '2020-06-22 01:24:47', '2020-06-22 01:24:47'),
(49, 12, 5, 1, '2020-06-22 01:25:30', '2020-06-22 01:25:30'),
(50, 12, 5, 2, '2020-06-22 01:25:30', '2020-06-22 01:25:30'),
(51, 69, 4, 1, '2020-06-22 01:26:08', '2020-06-22 01:26:08'),
(52, 69, 4, 2, '2020-06-22 01:26:08', '2020-06-22 01:26:08'),
(53, 69, 5, 1, '2020-06-22 01:26:08', '2020-06-22 01:26:08'),
(54, 69, 5, 2, '2020-06-22 01:26:08', '2020-06-22 01:26:08'),
(55, 14, 5, 2, '2020-06-22 01:30:17', '2020-06-22 01:30:17'),
(56, 14, 5, 1, '2020-06-22 01:30:17', '2020-06-22 01:30:17'),
(57, 14, 4, 2, '2020-06-22 01:30:17', '2020-06-22 01:30:17'),
(58, 14, 4, 1, '2020-06-22 01:30:17', '2020-06-22 01:30:17'),
(59, 15, 4, 2, '2020-06-22 01:32:12', '2020-06-22 01:32:12'),
(60, 15, 4, 1, '2020-06-22 01:32:12', '2020-06-22 01:32:12'),
(61, 15, 5, 1, '2020-06-22 01:32:12', '2020-06-22 01:32:12'),
(62, 15, 5, 2, '2020-06-22 01:32:12', '2020-06-22 01:32:12'),
(63, 16, 5, 1, '2020-06-22 01:34:52', '2020-06-22 01:34:52'),
(64, 16, 5, 2, '2020-06-22 01:34:53', '2020-06-22 01:34:53'),
(65, 17, 4, 2, '2020-06-22 01:35:15', '2020-06-22 01:35:15'),
(66, 17, 5, 1, '2020-06-22 01:35:15', '2020-06-22 01:35:15'),
(67, 17, 4, 1, '2020-06-22 01:35:15', '2020-06-22 01:35:15'),
(68, 17, 5, 2, '2020-06-22 01:35:15', '2020-06-22 01:35:15'),
(69, 18, 4, 1, '2020-06-22 01:35:29', '2020-06-22 01:35:29'),
(70, 18, 4, 2, '2020-06-22 01:35:29', '2020-06-22 01:35:29'),
(71, 18, 5, 1, '2020-06-22 01:35:29', '2020-06-22 01:35:29'),
(72, 18, 5, 2, '2020-06-22 01:35:29', '2020-06-22 01:35:29'),
(73, 19, 5, 1, '2020-06-22 01:35:56', '2020-06-22 01:35:56'),
(74, 19, 5, 2, '2020-06-22 01:35:56', '2020-06-22 01:35:56'),
(75, 20, 4, 1, '2020-06-22 01:36:08', '2020-06-22 01:36:08'),
(76, 20, 4, 2, '2020-06-22 01:36:08', '2020-06-22 01:36:08'),
(77, 20, 5, 1, '2020-06-22 01:36:09', '2020-06-22 01:36:09'),
(78, 20, 5, 2, '2020-06-22 01:36:09', '2020-06-22 01:36:09'),
(79, 21, 4, 1, '2020-06-22 01:36:26', '2020-06-22 01:36:26'),
(80, 21, 5, 1, '2020-06-22 01:36:27', '2020-06-22 01:36:27'),
(81, 21, 5, 2, '2020-06-22 01:36:27', '2020-06-22 01:36:27'),
(82, 21, 4, 2, '2020-06-22 01:36:27', '2020-06-22 01:36:27'),
(83, 22, 4, 2, '2020-06-22 01:37:32', '2020-06-22 01:37:32'),
(84, 22, 4, 1, '2020-06-22 01:37:32', '2020-06-22 01:37:32'),
(85, 22, 5, 1, '2020-06-22 01:37:33', '2020-06-22 01:37:33'),
(86, 22, 5, 2, '2020-06-22 01:37:33', '2020-06-22 01:37:33'),
(87, 23, 4, 1, '2020-06-22 01:38:16', '2020-06-22 01:38:16'),
(88, 23, 4, 2, '2020-06-22 01:38:16', '2020-06-22 01:38:16'),
(89, 25, 4, 2, '2020-06-22 01:38:52', '2020-06-22 01:38:52'),
(90, 25, 5, 1, '2020-06-22 01:38:52', '2020-06-22 01:38:52'),
(91, 25, 4, 1, '2020-06-22 01:38:52', '2020-06-22 01:38:52'),
(92, 25, 5, 2, '2020-06-22 01:38:53', '2020-06-22 01:38:53'),
(93, 26, 4, 2, '2020-06-22 01:39:13', '2020-06-22 01:39:13'),
(94, 26, 4, 1, '2020-06-22 01:39:13', '2020-06-22 01:39:13'),
(95, 26, 5, 1, '2020-06-22 01:39:13', '2020-06-22 01:39:13'),
(96, 26, 5, 2, '2020-06-22 01:39:13', '2020-06-22 01:39:13'),
(97, 27, 4, 1, '2020-06-22 01:39:24', '2020-06-22 01:39:24'),
(98, 27, 5, 1, '2020-06-22 01:39:24', '2020-06-22 01:39:24'),
(99, 27, 5, 2, '2020-06-22 01:39:24', '2020-06-22 01:39:24'),
(100, 27, 4, 2, '2020-06-22 01:39:24', '2020-06-22 01:39:24'),
(101, 31, 5, 1, '2020-06-22 01:40:02', '2020-06-22 01:40:02'),
(103, 28, 5, 1, '2020-06-22 01:41:12', '2020-06-22 01:41:12'),
(104, 28, 5, 2, '2020-06-22 01:41:12', '2020-06-22 01:41:12'),
(105, 33, 4, 1, '2020-06-22 01:41:32', '2020-06-22 01:41:32'),
(106, 33, 5, 2, '2020-06-22 01:41:32', '2020-06-22 01:41:32'),
(107, 33, 5, 1, '2020-06-22 01:41:32', '2020-06-22 01:41:32'),
(108, 33, 4, 2, '2020-06-22 01:41:32', '2020-06-22 01:41:32'),
(109, 29, 5, 1, '2020-06-22 01:41:53', '2020-06-22 01:41:53'),
(110, 29, 5, 2, '2020-06-22 01:41:53', '2020-06-22 01:41:53'),
(111, 32, 4, 2, '2020-06-22 01:42:07', '2020-06-22 01:42:07'),
(112, 32, 5, 1, '2020-06-22 01:42:07', '2020-06-22 01:42:07'),
(113, 32, 4, 1, '2020-06-22 01:42:07', '2020-06-22 01:42:07'),
(114, 32, 5, 2, '2020-06-22 01:42:07', '2020-06-22 01:42:07'),
(115, 30, 5, 1, '2020-06-22 01:42:25', '2020-06-22 01:42:25'),
(117, 34, 4, 2, '2020-06-22 01:44:07', '2020-06-22 01:44:07'),
(118, 34, 5, 1, '2020-06-22 01:44:07', '2020-06-22 01:44:07'),
(119, 34, 4, 1, '2020-06-22 01:44:07', '2020-06-22 01:44:07'),
(120, 34, 5, 2, '2020-06-22 01:44:07', '2020-06-22 01:44:07'),
(121, 37, 5, 1, '2020-06-22 01:52:58', '2020-06-22 01:52:58'),
(122, 37, 5, 2, '2020-06-22 01:52:58', '2020-06-22 01:52:58'),
(123, 39, 5, 1, '2020-06-22 01:53:22', '2020-06-22 01:53:22'),
(124, 39, 4, 2, '2020-06-22 01:53:22', '2020-06-22 01:53:22'),
(125, 39, 5, 2, '2020-06-22 01:53:22', '2020-06-22 01:53:22'),
(126, 39, 4, 1, '2020-06-22 01:53:22', '2020-06-22 01:53:22'),
(127, 42, 4, 1, '2020-06-22 01:54:03', '2020-06-22 01:54:03'),
(128, 42, 4, 2, '2020-06-22 01:54:03', '2020-06-22 01:54:03'),
(129, 43, 4, 2, '2020-06-22 01:54:41', '2020-06-22 01:54:41'),
(130, 43, 4, 1, '2020-06-22 01:54:41', '2020-06-22 01:54:41'),
(131, 45, 5, 1, '2020-06-22 01:55:16', '2020-06-22 01:55:16'),
(132, 45, 5, 2, '2020-06-22 01:55:16', '2020-06-22 01:55:16'),
(133, 46, 5, 2, '2020-06-22 01:55:49', '2020-06-22 01:55:49'),
(134, 46, 5, 1, '2020-06-22 01:55:49', '2020-06-22 01:55:49'),
(135, 47, 5, 1, '2020-06-22 01:56:14', '2020-06-22 01:56:14'),
(136, 47, 5, 2, '2020-06-22 01:56:14', '2020-06-22 01:56:14'),
(137, 48, 4, 2, '2020-06-22 01:56:42', '2020-06-22 01:56:42'),
(138, 48, 5, 1, '2020-06-22 01:56:42', '2020-06-22 01:56:42'),
(139, 48, 4, 1, '2020-06-22 01:56:42', '2020-06-22 01:56:42'),
(140, 48, 5, 2, '2020-06-22 01:56:42', '2020-06-22 01:56:42'),
(141, 49, 5, 1, '2020-06-22 01:56:58', '2020-06-22 01:56:58'),
(142, 49, 5, 2, '2020-06-22 01:56:58', '2020-06-22 01:56:58'),
(143, 49, 4, 1, '2020-06-22 01:56:58', '2020-06-22 01:56:58'),
(144, 49, 4, 2, '2020-06-22 01:56:58', '2020-06-22 01:56:58'),
(145, 50, 4, 1, '2020-06-22 01:57:10', '2020-06-22 01:57:10'),
(146, 50, 5, 1, '2020-06-22 01:57:10', '2020-06-22 01:57:10'),
(147, 50, 5, 2, '2020-06-22 01:57:10', '2020-06-22 01:57:10'),
(148, 50, 4, 2, '2020-06-22 01:57:10', '2020-06-22 01:57:10'),
(149, 51, 5, 1, '2020-06-22 01:57:25', '2020-06-22 01:57:25'),
(151, 52, 4, 1, '2020-06-22 01:57:35', '2020-06-22 01:57:35'),
(152, 52, 4, 2, '2020-06-22 01:57:35', '2020-06-22 01:57:35'),
(153, 53, 4, 2, '2020-06-22 01:57:50', '2020-06-22 01:57:50'),
(154, 53, 4, 1, '2020-06-22 01:57:50', '2020-06-22 01:57:50'),
(155, 53, 5, 1, '2020-06-22 01:57:50', '2020-06-22 01:57:50'),
(156, 53, 5, 2, '2020-06-22 01:57:50', '2020-06-22 01:57:50'),
(157, 54, 4, 2, '2020-06-22 01:58:13', '2020-06-22 01:58:13'),
(158, 54, 5, 2, '2020-06-22 01:58:13', '2020-06-22 01:58:13'),
(159, 54, 5, 1, '2020-06-22 01:58:13', '2020-06-22 01:58:13'),
(160, 54, 4, 1, '2020-06-22 01:58:14', '2020-06-22 01:58:14'),
(161, 55, 5, 1, '2020-06-22 01:58:37', '2020-06-22 01:58:37'),
(162, 55, 5, 2, '2020-06-22 01:58:37', '2020-06-22 01:58:37'),
(163, 56, 4, 1, '2020-06-22 01:58:52', '2020-06-22 01:58:52'),
(164, 56, 5, 1, '2020-06-22 01:58:52', '2020-06-22 01:58:52'),
(165, 56, 4, 2, '2020-06-22 01:58:52', '2020-06-22 01:58:52'),
(166, 56, 5, 2, '2020-06-22 01:58:52', '2020-06-22 01:58:52'),
(167, 57, 5, 1, '2020-06-22 01:59:03', '2020-06-22 01:59:03'),
(168, 57, 4, 1, '2020-06-22 01:59:03', '2020-06-22 01:59:03'),
(169, 57, 5, 2, '2020-06-22 01:59:03', '2020-06-22 01:59:03'),
(170, 57, 4, 2, '2020-06-22 01:59:03', '2020-06-22 01:59:03'),
(171, 58, 5, 2, '2020-06-22 02:00:55', '2020-06-22 02:00:55'),
(172, 58, 4, 1, '2020-06-22 02:00:55', '2020-06-22 02:00:55'),
(173, 58, 4, 2, '2020-06-22 02:00:55', '2020-06-22 02:00:55'),
(174, 58, 5, 1, '2020-06-22 02:00:56', '2020-06-22 02:00:56'),
(175, 59, 4, 2, '2020-06-22 02:01:14', '2020-06-22 02:01:14'),
(176, 59, 5, 1, '2020-06-22 02:01:14', '2020-06-22 02:01:14'),
(177, 59, 4, 1, '2020-06-22 02:01:14', '2020-06-22 02:01:14'),
(178, 59, 5, 2, '2020-06-22 02:01:14', '2020-06-22 02:01:14'),
(179, 60, 4, 2, '2020-06-22 02:01:23', '2020-06-22 02:01:23'),
(180, 60, 5, 1, '2020-06-22 02:01:23', '2020-06-22 02:01:23'),
(181, 60, 5, 2, '2020-06-22 02:01:24', '2020-06-22 02:01:24'),
(182, 60, 4, 1, '2020-06-22 02:01:24', '2020-06-22 02:01:24'),
(183, 61, 5, 1, '2020-06-22 02:01:37', '2020-06-22 02:01:37'),
(184, 61, 5, 2, '2020-06-22 02:01:37', '2020-06-22 02:01:37'),
(185, 62, 5, 1, '2020-06-22 02:02:00', '2020-06-22 02:02:00'),
(186, 62, 5, 2, '2020-06-22 02:02:00', '2020-06-22 02:02:00'),
(187, 62, 4, 1, '2020-06-22 02:02:00', '2020-06-22 02:02:00'),
(188, 62, 4, 2, '2020-06-22 02:02:00', '2020-06-22 02:02:00'),
(189, 63, 4, 2, '2020-06-22 02:02:40', '2020-06-22 02:02:40'),
(190, 63, 4, 1, '2020-06-22 02:02:40', '2020-06-22 02:02:40'),
(191, 63, 5, 2, '2020-06-22 02:02:40', '2020-06-22 02:02:40'),
(192, 63, 5, 1, '2020-06-22 02:02:40', '2020-06-22 02:02:40'),
(193, 64, 4, 1, '2020-06-22 02:03:07', '2020-06-22 02:03:07'),
(194, 64, 4, 2, '2020-06-22 02:03:07', '2020-06-22 02:03:07'),
(195, 65, 5, 2, '2020-06-22 02:03:21', '2020-06-22 02:03:21'),
(196, 65, 5, 1, '2020-06-22 02:03:21', '2020-06-22 02:03:21'),
(197, 70, 5, 2, '2020-06-22 08:03:22', '2020-06-22 08:03:22'),
(198, 70, 5, 2, '2020-06-22 08:03:23', '2020-06-22 08:03:23'),
(199, 51, 5, 2, '2020-06-22 09:11:16', '2020-06-22 09:11:16'),
(200, 51, 5, 2, '2020-06-22 09:11:16', '2020-06-22 09:11:16');

-- --------------------------------------------------------

--
-- Table structure for table `diklat_yang_diikuti`
--

CREATE TABLE `diklat_yang_diikuti` (
  `id` int(11) NOT NULL,
  `nip` varchar(18) COLLATE utf8mb4_unicode_ci NOT NULL,
  `name` varchar(255) COLLATE utf8mb4_unicode_ci NOT NULL,
  `tahun_mengikuti` int(11) NOT NULL,
  `created_at` timestamp NULL DEFAULT NULL,
  `updated_at` timestamp NULL DEFAULT NULL
) ENGINE=InnoDB DEFAULT CHARSET=utf8mb4 COLLATE=utf8mb4_unicode_ci;

--
-- Dumping data for table `diklat_yang_diikuti`
--

INSERT INTO `diklat_yang_diikuti` (`id`, `nip`, `name`, `tahun_mengikuti`, `created_at`, `updated_at`) VALUES
(1, '195904251987031003', 'Training Of Trainer Kewidyaiswaraan Tingkat Muda', 2005, '2020-06-24 06:17:14', '2020-06-24 06:17:14'),
(1, '196012181992021001', 'Diklat Traning for Trainers Pola 62 JP', 2019, '2020-06-25 17:41:50', '2020-06-25 17:41:50'),
(1, '196209031992032002', 'TOF PIM III dan IV', 2014, '2020-06-28 18:40:10', '2020-06-28 18:40:10'),
(1, '198003172003122005', 'Workshop PKA PKP', 2020, '2020-06-25 08:33:51', '2020-06-25 08:33:51'),
(2, '195904251987031003', 'Tourism Training And Education', 1992, '2020-06-24 06:19:34', '2020-06-24 06:19:34'),
(2, '196012181992021001', 'Diklat Training for Facilitator', 2019, '2020-06-25 17:42:09', '2020-06-25 17:42:09'),
(2, '196209031992032002', 'Pelatihan teknis reformasi birokrasi', 2014, '2020-06-28 18:41:03', '2020-06-28 18:41:03'),
(2, '198003172003122005', 'Calon widyaiswara', 2019, '2020-06-25 08:34:18', '2020-06-25 08:34:18'),
(3, '196012181992021001', 'Pelatihan Penilaian Angka Kredit Jabatan Fungsional Widyaiswara', 2019, '2020-06-25 17:44:01', '2020-06-25 17:44:01'),
(3, '196209031992032002', 'Tot kti', 2014, '2020-06-28 18:41:37', '2020-06-28 18:41:37'),
(4, '195904251987031003', 'Travel Tourism And Hospitality Training And Education', 1992, '2020-06-24 06:23:52', '2020-06-24 06:23:52'),
(4, '196012181992021001', 'Diklat Calon Widyaiswara Inpassing', 2019, '2020-06-25 17:42:28', '2020-06-25 17:42:28'),
(4, '196209031992032002', 'Tot sustansi pim', 2016, '2020-06-28 18:42:11', '2020-06-28 18:42:11'),
(5, '195904251987031003', 'Manajemen Kepegawaian', 2001, '2020-06-24 06:24:47', '2020-06-24 06:24:47'),
(5, '196012181992021001', 'Pelatihan Kewidyaiswaraan Berjenjang TIngkat Tinggi', 2020, '2020-06-25 17:45:35', '2020-06-25 17:45:35'),
(5, '196209031992032002', 'TOT revolusi mental', 2017, '2020-06-28 18:42:35', '2020-06-28 18:42:35'),
(6, '195904251987031003', 'Pendidikan Dan Pelatihan Penyusunan Kurikulum Dan Modul', 2005, '2020-06-24 06:27:55', '2020-06-24 06:27:55'),
(6, '196209031992032002', 'Training of multimedia bagi asn', 2018, '2020-06-28 18:43:44', '2020-06-28 18:43:44'),
(7, '195904251987031003', 'Pendidikan Dan Pelatihan Kurikulum Dan Penyusunan Modul', 2005, '2020-06-24 06:29:04', '2020-06-24 06:29:04'),
(7, '196209031992032002', 'Tof latsar cpns', 2018, '2020-06-28 18:44:07', '2020-06-28 18:44:07'),
(8, '196209031992032002', 'TOF latsar 2019', 2019, '2020-06-28 18:44:28', '2020-06-28 18:44:28'),
(9, '196209031992032002', 'Workshop penghitungan angka kredit', 2019, '2020-06-28 18:45:25', '2020-06-28 18:45:25'),
(10, '196209031992032002', 'Work Shop pendalaman materi dpr', 2019, '2020-06-28 18:47:25', '2020-06-28 18:47:25'),
(11, '196209031992032002', 'Tot PKA pkp', 2020, '2020-06-28 18:48:06', '2020-06-28 18:48:06');

-- --------------------------------------------------------

--
-- Table structure for table `failed_jobs`
--

CREATE TABLE `failed_jobs` (
  `id` bigint(20) UNSIGNED NOT NULL,
  `connection` text COLLATE utf8mb4_unicode_ci NOT NULL,
  `queue` text COLLATE utf8mb4_unicode_ci NOT NULL,
  `payload` longtext COLLATE utf8mb4_unicode_ci NOT NULL,
  `exception` longtext COLLATE utf8mb4_unicode_ci NOT NULL,
  `failed_at` timestamp NOT NULL DEFAULT current_timestamp()
) ENGINE=InnoDB DEFAULT CHARSET=utf8mb4 COLLATE=utf8mb4_unicode_ci;

-- --------------------------------------------------------

--
-- Table structure for table `golongans`
--

CREATE TABLE `golongans` (
  `id` int(11) NOT NULL,
  `name` varchar(255) COLLATE utf8mb4_unicode_ci NOT NULL,
  `created_at` timestamp NULL DEFAULT NULL,
  `updated_at` timestamp NULL DEFAULT NULL
) ENGINE=InnoDB DEFAULT CHARSET=utf8mb4 COLLATE=utf8mb4_unicode_ci;

--
-- Dumping data for table `golongans`
--

INSERT INTO `golongans` (`id`, `name`, `created_at`, `updated_at`) VALUES
(2, 'II a', '2020-06-21 20:15:12', '2020-06-21 20:15:12'),
(3, 'II b', '2020-06-21 20:15:19', '2020-06-21 20:15:19'),
(4, 'II c', '2020-06-21 20:15:27', '2020-06-21 20:15:27'),
(5, 'II d', '2020-06-21 20:15:34', '2020-06-21 20:15:34'),
(6, 'III b', '2020-06-21 20:15:51', '2020-06-21 20:16:39'),
(7, 'III a', '2020-06-21 20:15:59', '2020-06-21 20:15:59'),
(8, 'III c', '2020-06-21 20:16:59', '2020-06-21 20:16:59'),
(9, 'III d', '2020-06-21 20:17:07', '2020-06-21 20:17:07'),
(10, 'IV a', '2020-06-21 20:17:28', '2020-06-21 20:17:28'),
(11, 'IV b', '2020-06-21 20:17:33', '2020-06-21 20:17:33'),
(12, 'IV c', '2020-06-21 20:17:38', '2020-06-21 20:17:38'),
(13, 'IV d', '2020-06-21 20:17:44', '2020-06-21 20:17:44'),
(14, 'IV e', '2020-06-21 20:17:49', '2020-06-21 20:17:49');

-- --------------------------------------------------------

--
-- Table structure for table `instansi_pembina`
--

CREATE TABLE `instansi_pembina` (
  `id` bigint(20) UNSIGNED NOT NULL,
  `name` varchar(255) COLLATE utf8mb4_unicode_ci NOT NULL,
  `created_at` timestamp NULL DEFAULT NULL,
  `updated_at` timestamp NULL DEFAULT NULL
) ENGINE=InnoDB DEFAULT CHARSET=utf8mb4 COLLATE=utf8mb4_unicode_ci;

--
-- Dumping data for table `instansi_pembina`
--

INSERT INTO `instansi_pembina` (`id`, `name`, `created_at`, `updated_at`) VALUES
(3, 'LAN RI', '2020-06-21 18:53:56', '2020-06-21 18:53:56'),
(4, 'Kemendikbud RI', '2020-06-21 18:54:04', '2020-06-21 20:03:41'),
(6, 'Kemensos RI', '2020-06-21 18:58:17', '2020-06-21 18:58:17'),
(7, 'Kemendagri RI', '2020-06-21 18:58:33', '2020-06-21 18:58:33'),
(8, 'BPKP RI', '2020-06-21 19:04:00', '2020-06-21 19:04:00'),
(9, 'LIPI RI', '2020-06-21 19:05:13', '2020-06-21 19:05:13'),
(10, 'BKN RI', '2020-06-21 19:06:21', '2020-06-21 19:06:21'),
(11, 'BPS RI', '2020-06-21 19:08:47', '2020-06-21 19:08:47'),
(12, 'Perpustakaan Nasional RI', '2020-06-21 19:11:29', '2020-06-21 19:11:29'),
(13, 'Arsip Nasional RI', '2020-06-21 19:13:25', '2020-06-21 19:13:25'),
(14, 'Bappenas RI', '2020-06-21 19:14:51', '2020-06-21 19:14:51'),
(15, 'LKPP RI', '2020-06-21 19:15:26', '2020-06-21 19:15:26'),
(16, 'Kementerian Sekretariat Negara RI', '2020-06-21 19:18:26', '2020-06-21 19:18:26'),
(17, 'Kominfo RI', '2020-06-21 19:24:33', '2020-06-21 19:24:33'),
(19, 'Kementerian KKP RI', '2020-06-21 19:26:01', '2020-06-21 19:26:01'),
(20, 'Kementan RI', '2020-06-21 19:27:46', '2020-06-21 19:27:46'),
(22, 'Kemen LHK RI', '2020-06-21 19:37:46', '2020-06-21 19:37:46'),
(25, 'BPPT RI', '2020-06-21 19:42:00', '2020-06-21 19:42:00'),
(26, 'Kemenaker RI', '2020-06-21 19:44:18', '2020-06-21 19:48:21'),
(27, 'Kemendes PDT dan Tranmigrasi RI', '2020-06-21 19:47:51', '2020-06-21 19:47:51'),
(29, 'Kemen ESDM RI', '2020-06-21 19:52:00', '2020-06-21 19:52:00'),
(30, 'Kemen PUPR RI', '2020-06-21 19:54:53', '2020-06-21 19:54:53'),
(31, 'Kemen Perindustrian RI', '2020-06-21 19:56:32', '2020-06-21 19:56:32'),
(32, 'Kementerian Perdagangan RI', '2020-06-21 20:01:15', '2020-06-21 20:01:15'),
(34, 'Kemenkes RI', '2020-06-21 22:02:27', '2020-06-21 22:02:27');

-- --------------------------------------------------------

--
-- Table structure for table `jabatan_fungsional`
--

CREATE TABLE `jabatan_fungsional` (
  `id` bigint(20) UNSIGNED NOT NULL,
  `nama` varchar(255) COLLATE utf8mb4_unicode_ci NOT NULL,
  `id_rumpun_jabatan` bigint(20) UNSIGNED NOT NULL,
  `created_at` timestamp NULL DEFAULT NULL,
  `updated_at` timestamp NULL DEFAULT NULL
) ENGINE=InnoDB DEFAULT CHARSET=utf8mb4 COLLATE=utf8mb4_unicode_ci;

--
-- Dumping data for table `jabatan_fungsional`
--

INSERT INTO `jabatan_fungsional` (`id`, `nama`, `id_rumpun_jabatan`, `created_at`, `updated_at`) VALUES
(3, 'Auditor', 3, '2020-06-21 22:13:28', '2020-06-21 22:13:28'),
(4, 'P2UPD', 4, '2020-06-21 22:14:00', '2020-06-21 22:14:00'),
(5, 'Peneliti', 5, '2020-06-21 22:14:32', '2020-06-21 22:14:32'),
(6, 'Analis Kepegawaian', 6, '2020-06-21 22:15:10', '2020-06-21 22:15:10'),
(7, 'Pranata Komputer', 7, '2020-06-21 22:16:22', '2020-06-21 22:16:22'),
(9, 'Arsiparis', 35, '2020-06-21 22:23:07', '2020-06-22 00:31:03'),
(10, 'Perencana', 9, '2020-06-21 22:26:01', '2020-06-21 22:26:01'),
(11, 'Pengelola Barang dan Jasa', 10, '2020-06-21 22:26:40', '2020-06-21 22:26:40'),
(12, 'Penerjemah', 11, '2020-06-21 22:28:16', '2020-06-21 22:28:16'),
(14, 'Pengawas Perikanan', 15, '2020-06-21 23:51:28', '2020-06-21 23:51:28'),
(15, 'Pengawas Mutu Hasil Pertanian', 16, '2020-06-21 23:52:09', '2020-06-21 23:52:09'),
(16, 'Analis Ketahanan Pangan', 16, '2020-06-21 23:52:36', '2020-06-21 23:52:36'),
(17, 'Pengawas Mutu Pakan', 16, '2020-06-21 23:53:36', '2020-06-21 23:53:36'),
(18, 'Pengawas Bibit Ternak', 16, '2020-06-21 23:53:59', '2020-06-21 23:53:59'),
(19, 'Medik Veteriner', 16, '2020-06-21 23:55:52', '2020-06-21 23:55:52'),
(20, 'POPT', 16, '2020-06-21 23:57:01', '2020-06-21 23:57:01'),
(21, 'Pengawas Benih Tanaman', 16, '2020-06-21 23:57:29', '2020-06-21 23:57:29'),
(22, 'Penyuluh Pertanian', 16, '2020-06-21 23:58:07', '2020-06-21 23:58:07'),
(23, 'Analis Pasar Hasil Pertanian', 16, '2020-06-21 23:58:44', '2020-06-21 23:58:44'),
(25, 'Polisi Kehutanan', 17, '2020-06-22 00:00:05', '2020-06-22 00:00:05'),
(26, 'Penyuluh Kehutanan', 18, '2020-06-22 00:00:30', '2020-06-22 00:41:02'),
(27, 'Pengendali Dampak Lingkungan', 18, '2020-06-22 00:01:37', '2020-06-22 00:01:37'),
(28, 'Pengantar Kerja', 19, '2020-06-22 00:03:20', '2020-06-22 00:03:20'),
(29, 'Pengawas Ketenagakerjaan', 20, '2020-06-22 00:04:11', '2020-06-22 00:04:11'),
(30, 'Mediator Hubungan Industrial', 21, '2020-06-22 00:04:50', '2020-06-22 00:04:50'),
(31, 'Litkayasa', 38, '2020-06-22 00:11:03', '2020-06-22 00:11:03'),
(32, 'Penguji K3', 20, '2020-06-22 00:12:52', '2020-06-22 00:12:52'),
(33, 'Penggerak Swadaya Masyarakat', 19, '2020-06-22 00:13:40', '2020-06-22 00:13:40'),
(34, 'Instruktur', 24, '2020-06-22 00:14:19', '2020-06-22 00:14:19'),
(35, 'Pekerja Sosial', 25, '2020-06-22 00:14:59', '2020-06-22 00:14:59'),
(36, 'Penyuluh Sosial', 25, '2020-06-22 00:15:35', '2020-06-22 00:15:35'),
(37, 'Penyelidik Bumi', 26, '2020-06-22 00:17:53', '2020-06-22 00:17:53'),
(38, 'Polisi Pamong Praja', 27, '2020-06-22 00:18:30', '2020-06-22 00:18:30'),
(39, 'Teknik Pengairan', 28, '2020-06-22 00:19:05', '2020-06-22 00:19:05'),
(40, 'Pengawas Sekolah', 29, '2020-06-22 00:19:36', '2020-06-22 00:19:36'),
(41, 'Guru', 30, '2020-06-22 00:19:50', '2020-06-22 00:19:50'),
(42, 'Penyuluh Perindag', 31, '2020-06-22 00:22:56', '2020-06-22 00:22:56'),
(43, 'Penguji Mutu Barang', 32, '2020-06-22 00:23:28', '2020-06-22 00:23:28'),
(44, 'Statistisi', 33, '2020-06-22 00:23:58', '2020-06-22 00:23:58'),
(45, 'Dokter', 34, '2020-06-22 00:24:19', '2020-06-22 00:24:19'),
(46, 'Dokter Gigi', 34, '2020-06-22 00:24:28', '2020-06-22 00:24:28'),
(47, 'Dokter Pendidikan Klinis', 34, '2020-06-22 00:24:43', '2020-06-22 00:24:43'),
(48, 'Perawat', 34, '2020-06-22 00:25:00', '2020-06-22 00:25:00'),
(49, 'Perawat Gigi', 34, '2020-06-22 00:25:12', '2020-06-22 00:25:12'),
(50, 'Bidan', 34, '2020-06-22 00:25:27', '2020-06-22 00:25:27'),
(51, 'Apoteker', 34, '2020-06-22 00:25:38', '2020-06-22 00:25:38'),
(52, 'Asisten Apoteker', 34, '2020-06-22 00:25:51', '2020-06-22 00:25:51'),
(53, 'Nutrisionis', 34, '2020-06-22 00:26:11', '2020-06-22 00:26:11'),
(54, 'Pranata Laboratorium Kesehatan', 34, '2020-06-22 00:26:37', '2020-06-22 00:26:37'),
(55, 'Adminkes', 34, '2020-06-22 00:26:54', '2020-06-22 00:26:54'),
(56, 'Penyuluh Kesehatan Masyarakat', 34, '2020-06-22 00:27:13', '2020-06-22 00:27:13'),
(57, 'Fisioterapis', 34, '2020-06-22 00:27:35', '2020-06-22 00:27:35'),
(58, 'Teknisi Elektromedis', 34, '2020-06-22 00:27:56', '2020-06-22 00:27:56'),
(59, 'Perekam Medis', 34, '2020-06-22 00:28:17', '2020-06-22 00:28:17'),
(60, 'Radiografer', 34, '2020-06-22 00:28:35', '2020-06-22 00:28:35'),
(61, 'Psikolog Klinis', 34, '2020-06-22 00:28:54', '2020-06-22 00:28:54'),
(62, 'Refraksionis Optisien', 34, '2020-06-22 00:29:24', '2020-06-22 00:29:24'),
(63, 'Sanitarian', 34, '2020-06-22 00:29:38', '2020-06-22 00:29:38'),
(64, 'Okupasi Terapis', 34, '2020-06-22 00:29:58', '2020-06-22 00:29:58'),
(65, 'Pembimbing Kesehatan Kerja', 34, '2020-06-22 00:30:19', '2020-06-22 00:30:19'),
(66, 'Pustakawan', 8, '2020-06-22 00:47:21', '2020-06-22 00:47:21'),
(68, 'Analis Kebijakan', 12, '2020-06-22 00:49:52', '2020-06-22 00:49:52'),
(69, 'Pranata Humas', 13, '2020-06-22 00:50:29', '2020-06-22 00:50:29'),
(70, 'Widyaiswara', 14, '2020-06-22 00:51:14', '2020-06-22 00:51:14');

-- --------------------------------------------------------

--
-- Table structure for table `jenjang_jabfung`
--

CREATE TABLE `jenjang_jabfung` (
  `id` bigint(20) UNSIGNED NOT NULL,
  `nama` varchar(255) COLLATE utf8mb4_unicode_ci NOT NULL,
  `id_detail_jabfung` bigint(20) UNSIGNED NOT NULL,
  `created_at` timestamp NULL DEFAULT NULL,
  `updated_at` timestamp NULL DEFAULT NULL
) ENGINE=InnoDB DEFAULT CHARSET=utf8mb4 COLLATE=utf8mb4_unicode_ci;

--
-- Dumping data for table `jenjang_jabfung`
--

INSERT INTO `jenjang_jabfung` (`id`, `nama`, `id_detail_jabfung`, `created_at`, `updated_at`) VALUES
(3, 'Auditor Pelaksana', 26, '2020-06-22 02:10:07', '2020-06-22 02:10:07'),
(4, 'Auditor Pelaksana Lanjutan', 26, '2020-06-22 02:10:28', '2020-06-22 02:10:28'),
(5, 'Auditor Penyelia', 26, '2020-06-22 02:10:52', '2020-06-22 02:10:52'),
(6, 'Auditor Pertama', 27, '2020-06-22 02:11:12', '2020-06-22 02:11:12'),
(7, 'Auditor Muda', 27, '2020-06-22 02:11:26', '2020-06-22 02:11:26'),
(8, 'Auditor Madya', 27, '2020-06-22 02:11:37', '2020-06-22 02:11:37'),
(9, 'Auditor Utama', 27, '2020-06-22 02:11:48', '2020-06-22 02:11:48'),
(10, 'Pengawas Pemerintah Pertama', 24, '2020-06-22 02:14:32', '2020-06-22 02:14:32'),
(11, 'Pengawas Pemerintah Muda', 24, '2020-06-22 02:14:47', '2020-06-22 02:14:47'),
(12, 'Pengawas Pemerintah Madya', 24, '2020-06-22 02:15:03', '2020-06-22 02:15:03'),
(13, 'Pengawas Pemerintah Utama', 24, '2020-06-22 02:15:14', '2020-06-22 02:15:14'),
(14, 'Peneliti Ahli Pertama', 28, '2020-06-22 02:17:47', '2020-06-22 02:17:47'),
(15, 'Peneliti Ahli Muda', 28, '2020-06-22 02:18:12', '2020-06-22 02:18:12'),
(16, 'Peneliti Ahli Madya', 28, '2020-06-22 02:18:21', '2020-06-22 02:18:21'),
(17, 'Peneliti Ahli Utama', 28, '2020-06-22 02:18:36', '2020-06-22 02:18:36'),
(18, 'Analis Kepegawaian Pelaksana', 29, '2020-06-22 02:23:12', '2020-06-22 02:23:12'),
(19, 'Analis Kepegawaian Pelaksana Lanjutan', 29, '2020-06-22 02:23:41', '2020-06-22 02:23:41'),
(20, 'Analis Kepegawaian Penyelia', 29, '2020-06-22 02:23:58', '2020-06-22 02:23:58'),
(21, 'Analis Kepegawaian Pertama', 29, '2020-06-22 02:24:21', '2020-06-22 02:24:21'),
(22, 'Analis Kepegawaian Muda', 29, '2020-06-22 02:24:34', '2020-06-22 02:24:34'),
(23, 'Analis Kepegawaian Madya', 29, '2020-06-22 02:25:09', '2020-06-22 02:25:09'),
(24, 'Pranata Komputer Pelaksana Pemula', 31, '2020-06-22 02:27:48', '2020-06-22 02:27:48'),
(25, 'Pranata Komputer Pelaksana', 31, '2020-06-22 02:28:06', '2020-06-22 02:28:06'),
(26, 'Pranata Komputer Pelaksana Lanjutan', 31, '2020-06-22 02:28:16', '2020-06-22 02:28:16'),
(27, 'Pranata Komputer Penyelia', 31, '2020-06-22 02:28:33', '2020-06-22 02:28:33'),
(28, 'Pranata Komputer Pertama', 33, '2020-06-22 02:28:52', '2020-06-22 02:28:52'),
(29, 'Pranata Komputer Muda', 33, '2020-06-22 02:29:04', '2020-06-22 02:29:04'),
(30, 'Pranata Komputer Madya', 33, '2020-06-22 02:29:13', '2020-06-22 02:29:13'),
(31, 'Pranata Komputer Utama', 33, '2020-06-22 02:29:22', '2020-06-22 02:29:22'),
(32, 'Pustakawan Pelaksana', 40, '2020-06-22 02:39:47', '2020-06-22 02:39:47'),
(33, 'Pustakawan Pelaksana Lanjutan', 40, '2020-06-22 02:39:58', '2020-06-22 02:39:58'),
(34, 'Pustakawan Penyelia', 40, '2020-06-22 02:40:13', '2020-06-22 02:40:13'),
(35, 'Pustakawan Pertama', 39, '2020-06-22 02:40:29', '2020-06-22 02:40:29'),
(36, 'Pustakawan Muda', 39, '2020-06-22 02:40:43', '2020-06-22 02:40:43'),
(37, 'Pustakawan Madya', 39, '2020-06-22 02:40:51', '2020-06-22 02:40:51'),
(38, 'Pustakawan Utama', 39, '2020-06-22 02:40:59', '2020-06-22 02:40:59'),
(39, 'Arsiparis Pelaksana', 43, '2020-06-22 02:43:03', '2020-06-22 02:43:03'),
(40, 'Arsiparis Pelaksana Lanjutan', 43, '2020-06-22 02:43:16', '2020-06-22 02:43:16'),
(41, 'Arsiparis Penyelia', 43, '2020-06-22 02:43:27', '2020-06-22 02:43:27'),
(42, 'Arsiparis Pertama', 42, '2020-06-22 02:43:44', '2020-06-22 02:43:44'),
(43, 'Arsiparis Muda', 42, '2020-06-22 02:43:58', '2020-06-22 02:43:58'),
(44, 'Arsiparis Madya', 42, '2020-06-22 02:44:05', '2020-06-22 02:44:05'),
(45, 'Arsiparis Utama', 42, '2020-06-22 02:44:18', '2020-06-22 02:44:18'),
(46, 'Perencana Pertama', 46, '2020-06-22 05:00:06', '2020-06-22 05:00:06'),
(47, 'Perencana Muda', 46, '2020-06-22 05:00:26', '2020-06-22 05:00:26'),
(48, 'Perencana Madya', 46, '2020-06-22 05:00:38', '2020-06-22 05:00:38'),
(49, 'Perencana Utama', 46, '2020-06-22 05:00:52', '2020-06-22 05:00:52'),
(50, 'PPBJ Ahli Pertama', 47, '2020-06-22 05:06:42', '2020-06-22 05:06:42'),
(51, 'PPBJ Ahli Muda', 47, '2020-06-22 05:06:56', '2020-06-22 05:06:56'),
(52, 'PPBJ Ahli Madya', 47, '2020-06-22 05:07:06', '2020-06-22 05:07:06'),
(53, 'Penerjemah Ahli Pertama', 50, '2020-06-22 05:09:52', '2020-06-22 05:09:52'),
(54, 'Penerjemah Ahli Muda', 50, '2020-06-22 05:10:06', '2020-06-22 05:10:06'),
(55, 'Penerjemah Ahli Madya', 50, '2020-06-22 05:10:16', '2020-06-22 05:10:16'),
(56, 'Penerjemah Ahli Utama', 50, '2020-06-22 05:10:26', '2020-06-22 05:10:26'),
(57, 'Analis Kebijakan Pertama', 18, '2020-06-22 05:12:24', '2020-06-22 05:12:24'),
(58, 'Analis Kebijakan Muda', 18, '2020-06-22 05:12:42', '2020-06-22 05:12:42'),
(59, 'Analis Kebijakan Madya', 18, '2020-06-22 05:12:52', '2020-06-22 05:12:52'),
(60, 'Analis Kebijakan Utama', 18, '2020-06-22 05:13:01', '2020-06-22 05:13:01'),
(61, 'Pranata Humas Pelaksana', 52, '2020-06-22 05:17:49', '2020-06-22 05:17:49'),
(62, 'Pranata Humas Pelaksana Lanjutan', 52, '2020-06-22 05:18:17', '2020-06-22 05:18:17'),
(63, 'Pranata Humas Penyelia', 52, '2020-06-22 05:18:29', '2020-06-22 05:18:29'),
(64, 'Pranata Humas Pertama', 54, '2020-06-22 05:18:59', '2020-06-22 05:18:59'),
(65, 'Pranata Humas Muda', 54, '2020-06-22 05:19:16', '2020-06-22 05:19:16'),
(66, 'Pranata Humas Madya', 54, '2020-06-22 05:19:24', '2020-06-22 05:19:24'),
(71, 'Pengawas Perikanan Pelaksana Pemula', 57, '2020-06-22 05:27:25', '2020-06-22 05:27:25'),
(72, 'Pengawas Perikanan Pelaksana/Termpil', 57, '2020-06-22 05:27:44', '2020-06-22 05:27:44'),
(73, 'Pengawas Perikanan Pelaksana Lanjutan/Mahir', 57, '2020-06-22 05:28:18', '2020-06-22 05:28:18'),
(74, 'Pengawas Perikanan Penyelia', 57, '2020-06-22 05:28:36', '2020-06-22 05:28:36'),
(75, 'Pengawas Perikanan Ahli Pertama', 55, '2020-06-22 05:30:55', '2020-06-22 05:30:55'),
(76, 'Pengawas Perikanan Ahli Muda', 55, '2020-06-22 05:31:10', '2020-06-22 05:31:10'),
(77, 'Pengawas Perikanan Ahli Madya', 55, '2020-06-22 05:31:19', '2020-06-22 05:31:19'),
(78, 'Pengawas Perikanan Ahli Utama', 55, '2020-06-22 05:31:29', '2020-06-22 05:31:29'),
(79, 'Pelaksana Pemula', 59, '2020-06-22 05:35:04', '2020-06-22 05:35:04'),
(80, 'Pelaksana Pelaksana', 59, '2020-06-22 05:35:20', '2020-06-22 05:35:20'),
(81, 'Pelaksana Pelaksana Lanjutan', 59, '2020-06-22 05:35:31', '2020-06-22 05:35:31'),
(82, 'Penyelia', 59, '2020-06-22 05:36:07', '2020-06-22 05:36:07'),
(83, 'Ahli Pertama', 62, '2020-06-22 05:36:57', '2020-06-22 05:36:57'),
(84, 'Ahli Muda', 62, '2020-06-22 05:37:09', '2020-06-22 05:37:09'),
(85, 'Ahli Madya', 62, '2020-06-22 05:37:18', '2020-06-22 05:37:18'),
(86, 'Ahli Pertama', 64, '2020-06-22 05:43:11', '2020-06-22 05:43:11'),
(87, 'Ahli Muda', 64, '2020-06-22 05:43:30', '2020-06-22 05:43:30'),
(88, 'Ahli Madya', 64, '2020-06-22 05:43:39', '2020-06-22 05:43:39'),
(89, 'Pelaksana Pemula', 65, '2020-06-22 05:45:35', '2020-06-22 05:45:35'),
(90, 'Pelaksana', 65, '2020-06-22 05:45:49', '2020-06-22 05:45:49'),
(91, 'Pelaksana Lanjutan', 65, '2020-06-22 05:46:03', '2020-06-22 05:46:03'),
(92, 'Penyelia', 65, '2020-06-22 05:46:15', '2020-06-22 05:46:15'),
(93, 'Ahli Pertama', 68, '2020-06-22 05:46:51', '2020-06-22 05:46:51'),
(94, 'Ahli Muda', 68, '2020-06-22 05:47:08', '2020-06-22 05:47:08'),
(95, 'Ahli Madya', 68, '2020-06-22 05:47:22', '2020-06-22 05:47:22'),
(96, 'Pelaksana', 70, '2020-06-22 05:49:09', '2020-06-22 05:49:09'),
(97, 'Pelaksana Lanjutan', 70, '2020-06-22 05:49:26', '2020-06-22 05:49:26'),
(98, 'Peyelia', 70, '2020-06-22 05:49:38', '2020-06-22 05:49:38'),
(99, 'Ahli Pertama', 72, '2020-06-22 05:50:03', '2020-06-22 05:50:03'),
(100, 'Ahli Muda', 72, '2020-06-22 05:50:17', '2020-06-22 05:50:17'),
(101, 'Ahli Madya', 72, '2020-06-22 05:50:24', '2020-06-22 05:50:24'),
(102, 'Medik Veteriner Pertama', 74, '2020-06-22 05:53:47', '2020-06-22 05:53:47'),
(103, 'Medik Veteriner Muda', 74, '2020-06-22 05:53:58', '2020-06-22 05:53:58'),
(104, 'Medik Veteriner Madya', 74, '2020-06-22 05:54:06', '2020-06-22 05:54:06'),
(105, 'Medik Veteriner Utama', 74, '2020-06-22 05:54:15', '2020-06-22 05:54:15'),
(106, 'Ahli Pertama', 78, '2020-06-22 05:55:48', '2020-06-22 05:55:48'),
(107, 'Ahli Muda', 78, '2020-06-22 05:55:57', '2020-06-22 05:55:57'),
(108, 'Ahli Madya', 78, '2020-06-22 05:56:04', '2020-06-22 05:56:04'),
(109, 'Ahli Utama', 78, '2020-06-22 05:56:19', '2020-06-22 05:56:19'),
(110, 'Pelaksana Pemula', 82, '2020-06-22 05:58:38', '2020-06-22 05:58:38'),
(111, 'Pelaksana', 82, '2020-06-22 05:58:58', '2020-06-22 05:58:58'),
(112, 'Pelaksana Lanjutan', 82, '2020-06-22 05:59:07', '2020-06-22 05:59:07'),
(113, 'Penyelia', 82, '2020-06-22 05:59:26', '2020-06-22 05:59:26'),
(114, 'Ahli Pertama', 81, '2020-06-22 05:59:59', '2020-06-22 05:59:59'),
(115, 'Ahli Muda', 81, '2020-06-22 06:00:07', '2020-06-22 06:00:07'),
(116, 'Ahli Madya', 81, '2020-06-22 06:00:14', '2020-06-22 06:00:14'),
(117, 'Pelaksana Pemula', 83, '2020-06-22 06:02:08', '2020-06-22 06:02:08'),
(118, 'Pelaksana', 83, '2020-06-22 06:02:25', '2020-06-22 06:02:25'),
(119, 'Pelaksana Lanjutan', 83, '2020-06-22 06:02:33', '2020-06-22 06:02:33'),
(120, 'Penyelia', 83, '2020-06-22 06:02:52', '2020-06-22 06:02:52'),
(121, 'Ahli Pertama', 86, '2020-06-22 06:03:36', '2020-06-22 06:03:36'),
(122, 'Ahli Muda', 86, '2020-06-22 06:03:49', '2020-06-22 06:03:49'),
(123, 'Ahli Madya', 86, '2020-06-22 06:03:57', '2020-06-22 06:03:57'),
(124, 'Ahli Utama', 86, '2020-06-22 06:04:05', '2020-06-22 06:04:05'),
(125, 'Pelaksana', 88, '2020-06-22 06:21:56', '2020-06-22 06:21:56'),
(126, 'Pelaksana Lanjutan', 88, '2020-06-22 06:22:16', '2020-06-22 06:22:16'),
(127, 'Penyelia', 88, '2020-06-22 06:22:30', '2020-06-22 06:22:30'),
(128, 'Ahli Pertama', 88, '2020-06-22 06:23:04', '2020-06-22 06:23:04'),
(129, 'Ahli Muda', 88, '2020-06-22 06:23:18', '2020-06-22 06:23:18'),
(130, 'Ahli Madya', 88, '2020-06-22 06:23:32', '2020-06-22 06:23:32'),
(131, 'Polisi Kehutanan Pelaksana Pemula', 89, '2020-06-22 06:27:34', '2020-06-22 06:27:34'),
(132, 'Polisi Kehutanan Pelaksana', 89, '2020-06-22 06:27:51', '2020-06-22 06:27:51'),
(133, 'Polisi Kehutanan Pelaksana Lanjutan', 89, '2020-06-22 06:28:12', '2020-06-22 06:28:12'),
(134, 'Polisi Kehutanan Penyelia', 89, '2020-06-22 06:28:23', '2020-06-22 06:28:23'),
(135, 'Polisi Kehutanan Pertama', 92, '2020-06-22 06:28:43', '2020-06-22 06:28:43'),
(136, 'Polisi Kehutanan Muda', 92, '2020-06-22 06:28:52', '2020-06-22 06:28:52'),
(137, 'Polisi Kehutanan Madya', 92, '2020-06-22 06:29:16', '2020-06-22 06:29:16'),
(138, 'Penyuluh Kehutanan Pelaksana Pemula', 93, '2020-06-22 06:30:57', '2020-06-22 06:30:57'),
(139, 'Penyuluh Kehutanan Pelaksana', 93, '2020-06-22 06:31:04', '2020-06-22 06:31:04'),
(140, 'Penyuluh Kehutanan Pelaksana Lanjutan', 93, '2020-06-22 06:31:21', '2020-06-22 06:31:21'),
(141, 'Penyuluh Kehutanan Penyelia', 93, '2020-06-22 06:31:31', '2020-06-22 06:31:31'),
(142, 'Penyuluh Kehutanan Pertama', 96, '2020-06-22 06:31:43', '2020-06-22 06:31:43'),
(143, 'Penyuluh Kehutanan Muda', 96, '2020-06-22 06:32:05', '2020-06-22 06:32:05'),
(144, 'Penyuluh Kehutanan Madya', 96, '2020-06-22 06:32:14', '2020-06-22 06:32:14'),
(145, 'Penyuluh Kehutanan Utama', 96, '2020-06-22 06:32:24', '2020-06-22 06:32:24'),
(146, 'Terampil', 100, '2020-06-22 06:34:45', '2020-06-22 06:34:45'),
(147, 'Mahir', 100, '2020-06-22 06:34:57', '2020-06-22 06:34:57'),
(148, 'Penyelia', 100, '2020-06-22 06:35:13', '2020-06-22 06:35:13'),
(149, 'Ahli Pertama', 99, '2020-06-22 06:35:32', '2020-06-22 06:35:32'),
(150, 'Ahli Muda', 99, '2020-06-22 06:35:43', '2020-06-22 06:35:43'),
(151, 'Ahli Madya', 99, '2020-06-22 06:35:55', '2020-06-22 06:35:55'),
(152, 'Ahli Utama', 99, '2020-06-22 06:36:09', '2020-06-22 06:36:09'),
(153, 'Ahli Pertama', 104, '2020-06-22 06:41:45', '2020-06-22 06:41:45'),
(154, 'Ahli Muda', 104, '2020-06-22 06:42:04', '2020-06-22 06:42:04'),
(155, 'Ahli Madya', 104, '2020-06-22 06:42:13', '2020-06-22 06:42:13'),
(156, 'Ahli Utama', 104, '2020-06-22 06:42:21', '2020-06-22 06:42:21'),
(157, 'Pengawas Ketenagakerjaan Pertama', 110, '2020-06-22 06:47:21', '2020-06-22 06:47:21'),
(158, 'Pengawas Ketenagakerjaan Muda', 110, '2020-06-22 06:47:34', '2020-06-22 06:47:34'),
(159, 'Pengawas Ketenagakerjaan Madya', 110, '2020-06-22 06:47:44', '2020-06-22 06:47:44'),
(167, 'Penguji K3 Ahli Pertama', 114, '2020-06-22 07:02:56', '2020-06-22 07:02:56'),
(168, 'Penguji K3 Ahli Muda', 114, '2020-06-22 07:03:19', '2020-06-22 07:03:19'),
(169, 'Penguji K3 Ahli Madya', 114, '2020-06-22 07:03:29', '2020-06-22 07:03:29'),
(170, 'Pelaksana Pemula', 108, '2020-06-22 07:07:56', '2020-06-22 07:07:56'),
(171, 'Pelaksana', 108, '2020-06-22 07:08:04', '2020-06-22 07:08:04'),
(172, 'Pelaksana Lanjutan', 108, '2020-06-22 07:08:12', '2020-06-22 07:08:12'),
(173, 'Penyelia', 108, '2020-06-22 07:08:47', '2020-06-22 07:08:47'),
(174, 'Ahli Pertama', 106, '2020-06-22 07:09:02', '2020-06-22 07:09:02'),
(175, 'Ahli Muda', 106, '2020-06-22 07:09:17', '2020-06-22 07:09:17'),
(176, 'Ahli Madya', 106, '2020-06-22 07:09:24', '2020-06-22 07:09:24'),
(177, 'Ahli Utama', 106, '2020-06-22 07:09:32', '2020-06-22 07:09:32'),
(178, 'Pelaksana', 117, '2020-06-22 07:11:06', '2020-06-22 07:11:06'),
(179, 'Pelaksana Lanjutan', 117, '2020-06-22 07:11:21', '2020-06-22 07:11:21'),
(180, 'Penyelia', 117, '2020-06-22 07:11:35', '2020-06-22 07:11:35'),
(181, 'Ahli Pertama', 120, '2020-06-22 07:11:53', '2020-06-22 07:11:53'),
(182, 'Ahli Muda', 120, '2020-06-22 07:12:01', '2020-06-22 07:12:01'),
(183, 'Ahli Madya', 120, '2020-06-22 07:12:14', '2020-06-22 07:12:14'),
(184, 'Pelaksana Pemula', 12, '2020-06-22 07:14:23', '2020-06-22 07:14:23'),
(185, 'Pelaksana', 12, '2020-06-22 07:14:44', '2020-06-22 07:14:44'),
(186, 'Pelaksana Lanjutan', 12, '2020-06-22 07:14:55', '2020-06-22 07:14:55'),
(187, 'Penyelia', 12, '2020-06-22 07:15:10', '2020-06-22 07:15:10'),
(188, 'Ahli Pertama', 12, '2020-06-22 07:15:33', '2020-06-22 07:15:33'),
(189, 'Ahli Muda', 12, '2020-06-22 07:15:46', '2020-06-22 07:15:46'),
(190, 'Ahli Madya', 12, '2020-06-22 07:15:53', '2020-06-22 07:15:53'),
(191, 'Pelaksana', 22, '2020-06-22 07:18:36', '2020-06-22 07:18:36'),
(192, 'Pelaksana Lanjutan', 22, '2020-06-22 07:18:56', '2020-06-22 07:18:56'),
(193, 'Penyelia', 22, '2020-06-22 07:19:07', '2020-06-22 07:19:07'),
(194, 'Ahli Pertama', 22, '2020-06-22 07:19:24', '2020-06-22 07:19:24'),
(195, 'Ahli Muda', 22, '2020-06-22 07:19:37', '2020-06-22 07:19:37'),
(196, 'Ahli Madya', 22, '2020-06-22 07:19:47', '2020-06-22 07:19:47'),
(197, 'Ahli Utama', 22, '2020-06-22 07:19:56', '2020-06-22 07:19:56'),
(198, 'Penyelidik Bumi Pertama', 122, '2020-06-22 07:22:33', '2020-06-22 07:22:33'),
(199, 'Penyelidik Bumi Muda', 122, '2020-06-22 07:22:50', '2020-06-22 07:22:50'),
(200, 'Penyelidik Bumi Madya', 122, '2020-06-22 07:22:58', '2020-06-22 07:22:58'),
(201, 'Penyelidik Bumi Utama', 122, '2020-06-22 07:23:07', '2020-06-22 07:23:07'),
(202, 'Pol PP Pelaksana Pemula', 25, '2020-06-22 07:26:04', '2020-06-22 07:26:04'),
(203, 'Pol PP Pelaksana', 25, '2020-06-22 07:26:20', '2020-06-22 07:26:20'),
(204, 'Pol PP Pelaksana Lanjutan', 25, '2020-06-22 07:26:28', '2020-06-22 07:26:28'),
(205, 'Pol PP Penyelia', 25, '2020-06-22 07:26:41', '2020-06-22 07:26:41'),
(206, 'Pol PP Pertama', 25, '2020-06-22 07:26:58', '2020-06-22 07:26:58'),
(207, 'Pol PP Muda', 25, '2020-06-22 07:27:06', '2020-06-22 07:27:06'),
(208, 'Pol PP Madya', 25, '2020-06-22 07:27:14', '2020-06-22 07:27:14'),
(209, 'Widyaiswara Ahli Pertama', 197, '2020-06-22 08:14:09', '2020-06-22 08:14:09'),
(210, 'Widyaiswara Ahli Muda', 197, '2020-06-22 08:14:28', '2020-06-22 08:14:28'),
(211, 'Widyaiswara Ahli Madya', 197, '2020-06-22 08:14:38', '2020-06-22 08:14:38'),
(212, 'Widyaiswara Ahli Utama', 197, '2020-06-22 08:14:50', '2020-06-22 08:14:50'),
(213, 'Teknik Pengairan Pertama', 125, '2020-06-22 08:19:36', '2020-06-22 08:19:36'),
(214, 'Teknik Pengairan Muda', 125, '2020-06-22 08:19:49', '2020-06-22 08:19:49'),
(215, 'Teknik Pengairan Madya', 125, '2020-06-22 08:20:01', '2020-06-22 08:20:01'),
(216, 'Teknik Pengairan Utama', 125, '2020-06-22 08:20:10', '2020-06-22 08:20:10'),
(217, 'Pengawas Sekolah Muda', 9, '2020-06-22 08:22:27', '2020-06-22 08:22:27'),
(218, 'Pengawas Sekolah Madya', 9, '2020-06-22 08:22:37', '2020-06-22 08:22:37'),
(219, 'Pengawas Sekolah Utama', 9, '2020-06-22 08:22:48', '2020-06-22 08:22:48'),
(220, 'Guru Pertama', 10, '2020-06-22 08:24:43', '2020-06-22 08:24:43'),
(221, 'Guru Muda', 10, '2020-06-22 08:24:53', '2020-06-22 08:24:53'),
(222, 'Guru Madya', 10, '2020-06-22 08:25:00', '2020-06-22 08:25:00'),
(223, 'Guru Utama', 10, '2020-06-22 08:25:09', '2020-06-22 08:25:09'),
(224, 'Penyuluh Perindag Pelaksana', 128, '2020-06-22 08:29:25', '2020-06-22 08:29:25'),
(225, 'Penyuluh Perindag Pelaksana Lanjutan', 128, '2020-06-22 08:30:02', '2020-06-22 08:30:02'),
(226, 'Penyuluh Perindag Penyelia', 128, '2020-06-22 08:30:17', '2020-06-22 08:30:17'),
(227, 'Penyuluh Perindag Ahli Pertama', 128, '2020-06-22 08:30:34', '2020-06-22 08:30:34'),
(228, 'Penyuluh Perindag Ahli Muda', 128, '2020-06-22 08:30:49', '2020-06-22 08:30:49'),
(229, 'Penyuluh Perindag Ahli Madya', 128, '2020-06-22 08:31:04', '2020-06-22 08:31:04'),
(230, 'Penguji Mutu Barang Pemula', 129, '2020-06-22 08:34:14', '2020-06-22 08:34:14'),
(231, 'Penguji Mutu Barang Terampil', 129, '2020-06-22 08:34:33', '2020-06-22 08:34:33'),
(232, 'Penguji Mutu Barang Mahir', 129, '2020-06-22 08:34:42', '2020-06-22 08:34:42'),
(233, 'Penguji Mutu Barang Penyelia', 129, '2020-06-22 08:35:00', '2020-06-22 08:35:00'),
(234, 'Penguji Mutu Barang Ahli Pertama', 129, '2020-06-22 08:35:23', '2020-06-22 08:35:23'),
(235, 'Penguji Mutu Barang Ahli Muda', 129, '2020-06-22 08:35:36', '2020-06-22 08:35:36'),
(236, 'Penguji Mutu Barang Ahli Madya', 129, '2020-06-22 08:35:45', '2020-06-22 08:35:45'),
(237, 'Statistisi Pelaksana', 35, '2020-06-22 08:38:04', '2020-06-22 08:38:04'),
(238, 'Statistisi Pelaksana Lanjutan', 35, '2020-06-22 08:38:23', '2020-06-22 08:38:23'),
(239, 'Statistisi Penyelia', 35, '2020-06-22 08:38:35', '2020-06-22 08:38:35'),
(240, 'Statistisi Pertama', 36, '2020-06-22 08:39:00', '2020-06-22 08:39:00'),
(241, 'Statistisi Muda', 36, '2020-06-22 08:39:09', '2020-06-22 08:39:09'),
(242, 'Statistisi Madya', 36, '2020-06-22 08:39:16', '2020-06-22 08:39:16'),
(243, 'Statistisi Utama', 36, '2020-06-22 08:39:25', '2020-06-22 08:39:25'),
(244, 'Dokter Pertama', 132, '2020-06-22 08:41:58', '2020-06-22 08:41:58'),
(245, 'Dokter Muda', 132, '2020-06-22 08:42:10', '2020-06-22 08:42:10'),
(246, 'Dokter Madya', 132, '2020-06-22 08:42:18', '2020-06-22 08:42:18'),
(247, 'Dokter Utama', 132, '2020-06-22 08:42:27', '2020-06-22 08:42:27'),
(248, 'Dokter Gigi Pertama', 133, '2020-06-22 08:42:53', '2020-06-22 08:42:53'),
(249, 'Dokter Gigi Muda', 133, '2020-06-22 08:43:02', '2020-06-22 08:43:02'),
(250, 'Dokter Gigi Madya', 133, '2020-06-22 08:43:10', '2020-06-22 08:43:10'),
(251, 'Dokter Gigi Utama', 133, '2020-06-22 08:43:19', '2020-06-22 08:43:19'),
(252, 'Dokter Pendidikan Klinis Pertama', 136, '2020-06-22 08:45:28', '2020-06-22 08:45:28'),
(253, 'Dokter Pendidikan Klinis Muda', 136, '2020-06-22 08:45:38', '2020-06-22 08:45:38'),
(254, 'Dokter Pendidikan Klinis Madya', 136, '2020-06-22 08:45:48', '2020-06-22 08:45:48'),
(255, 'Dokter Pendidikan Klinis Utama', 136, '2020-06-22 08:45:58', '2020-06-22 08:45:58'),
(258, 'Perawat Penyelia', 137, '2020-06-22 08:49:13', '2020-06-22 08:49:13'),
(259, 'Perawat Ahli Pertama', 140, '2020-06-22 08:49:40', '2020-06-22 08:49:40'),
(260, 'Perawat Ahli Muda', 140, '2020-06-22 08:49:52', '2020-06-22 08:49:52'),
(261, 'Perawat Ahli Madya', 140, '2020-06-22 08:49:58', '2020-06-22 08:49:58'),
(262, 'Perawat Ahli Utama', 140, '2020-06-22 08:50:07', '2020-06-22 08:50:07'),
(263, 'Perawat Gigi Mahir', 144, '2020-06-22 08:51:16', '2020-06-22 08:51:16'),
(264, 'Perawat Gigi Penyelia', 144, '2020-06-22 08:51:28', '2020-06-22 08:51:28'),
(265, 'Perawat Gigi Ahli Pertama', 142, '2020-06-22 08:51:44', '2020-06-22 08:51:44'),
(266, 'Perawat Gigi Ahli Muda', 142, '2020-06-22 08:51:53', '2020-06-22 08:51:53'),
(267, 'Perawat Gigi Ahli Madya', 142, '2020-06-22 08:52:00', '2020-06-22 08:52:00'),
(268, 'Perawat Gigi Ahli Utama', 142, '2020-06-22 08:52:09', '2020-06-22 08:52:09'),
(269, 'Perawat Terampil', 137, '2020-06-22 08:54:38', '2020-06-22 08:54:38'),
(270, 'Perawat Mahir', 137, '2020-06-22 08:55:45', '2020-06-22 08:55:45'),
(271, 'Perawat Gigi Terampil', 144, '2020-06-22 08:58:50', '2020-06-22 08:58:50'),
(272, 'Bidan Pelaksana Pemula', 148, '2020-06-22 09:02:02', '2020-06-22 09:02:02'),
(273, 'Bidan Pelaksana', 148, '2020-06-22 09:02:08', '2020-06-22 09:02:08'),
(274, 'Bidan Pelaksana Lanjutan', 148, '2020-06-22 09:02:21', '2020-06-22 09:02:21'),
(275, 'Bidan Penyelia', 148, '2020-06-22 09:02:33', '2020-06-22 09:02:33'),
(276, 'Bidan Pertama', 147, '2020-06-22 09:02:48', '2020-06-22 09:02:48'),
(277, 'Bidan Muda', 147, '2020-06-22 09:02:57', '2020-06-22 09:02:57'),
(278, 'Bidan Madya', 147, '2020-06-22 09:03:06', '2020-06-22 09:03:06'),
(279, 'Apoteker Pertama', 200, '2020-06-22 09:12:17', '2020-06-22 09:12:17'),
(280, 'Apoteker Muda', 200, '2020-06-22 09:12:30', '2020-06-22 09:12:30'),
(281, 'Apoteker Madya', 200, '2020-06-22 09:12:48', '2020-06-22 09:12:48'),
(282, 'Apoteker Utama', 200, '2020-06-22 09:12:59', '2020-06-22 09:12:59'),
(283, 'Asisten Apoteker Pelaksana Pemula', 152, '2020-06-22 09:15:21', '2020-06-22 09:15:21'),
(284, 'Asisten Apoteker Pelaksana', 152, '2020-06-22 09:15:28', '2020-06-22 09:15:28'),
(285, 'Asisten Apoteker Pelaksana Lanjutan', 152, '2020-06-22 09:15:51', '2020-06-22 09:15:51'),
(286, 'Asisten Apoteker Pelaksana Penyelia', 152, '2020-06-22 09:16:00', '2020-06-22 09:16:00'),
(287, 'Nutrisionis Pertama', 156, '2020-06-22 09:18:01', '2020-06-22 09:18:01'),
(288, 'Nutrisionis Muda', 156, '2020-06-22 09:18:12', '2020-06-22 09:18:12'),
(289, 'Nutrisionis Madya', 156, '2020-06-22 09:18:20', '2020-06-22 09:18:20'),
(290, 'Pranata Laboratorium Kesehatan Pelaksana Pemula', 157, '2020-06-22 09:21:06', '2020-06-22 09:21:06'),
(291, 'Pranata Laboratorium Kesehatan Pelaksana', 157, '2020-06-22 09:21:17', '2020-06-22 09:21:17'),
(292, 'Pranata Laboratorium Kesehatan Pelaksana Lanjutan', 157, '2020-06-22 09:21:25', '2020-06-22 09:21:25'),
(293, 'Pranata Laboratorium Kesehatan Penyelia', 157, '2020-06-22 09:21:45', '2020-06-22 09:21:45'),
(294, 'Pranata Laboratorium Kesehatan Pertama', 158, '2020-06-22 09:22:06', '2020-06-22 09:22:06'),
(295, 'Pranata Laboratorium Kesehatan Muda', 158, '2020-06-22 09:22:34', '2020-06-22 09:22:34'),
(296, 'Pranata Laboratorium Kesehatan Madya', 158, '2020-06-22 09:22:42', '2020-06-22 09:22:42'),
(297, 'Administrator Kesehatan Pertama', 162, '2020-06-22 09:26:41', '2020-06-22 09:26:41'),
(298, 'Administrator Kesehatan Muda', 162, '2020-06-22 09:26:49', '2020-06-22 09:26:49'),
(299, 'Administrator Kesehatan Madya', 162, '2020-06-22 09:26:57', '2020-06-22 09:26:57'),
(300, 'Penyuluh Kesehatan Masyarakat Pelaksana', 165, '2020-06-22 09:29:14', '2020-06-22 09:29:14'),
(301, 'Penyuluh Kesehatan Masyarakat Pelaksana Lanjutan', 165, '2020-06-22 09:29:26', '2020-06-22 09:29:26'),
(302, 'Penyuluh Kesehatan Masyarakat Penyelia', 165, '2020-06-22 09:29:40', '2020-06-22 09:29:40'),
(303, 'Penyuluh Kesehatan Masyarakat Pertama', 166, '2020-06-22 09:29:55', '2020-06-22 09:29:55'),
(304, 'Penyuluh Kesehatan Masyarakat Muda', 166, '2020-06-22 09:30:04', '2020-06-22 09:30:04'),
(305, 'Penyuluh Kesehatan Masyarakat Madya', 166, '2020-06-22 09:30:29', '2020-06-22 09:30:29'),
(307, 'Fisioterapis Pelaksana', 170, '2020-06-22 09:32:44', '2020-06-22 09:32:44'),
(308, 'Fisioterapis Pelaksana Lanjutan', 170, '2020-06-22 09:32:53', '2020-06-22 09:32:53'),
(309, 'Fisioterapis Penyelia', 170, '2020-06-22 09:33:12', '2020-06-22 09:33:12'),
(310, 'Fisioterapis Pertama', 169, '2020-06-22 09:33:31', '2020-06-22 09:33:31'),
(311, 'Fisioterapis Muda', 169, '2020-06-22 09:33:47', '2020-06-22 09:33:47'),
(312, 'Fisioterapis Madya', 169, '2020-06-22 09:33:55', '2020-06-22 09:33:55'),
(313, 'Teknisi Elektromedis Pelaksana', 173, '2020-06-22 09:38:12', '2020-06-22 09:38:12'),
(314, 'Teknisi Elektromedis Pelaksana Lanjutan', 173, '2020-06-22 09:38:30', '2020-06-22 09:38:30'),
(315, 'Teknisi Elektromedis Penyelia', 173, '2020-06-22 09:38:41', '2020-06-22 09:38:41'),
(316, 'Teknisi Elektromedis Pertama', 171, '2020-06-22 09:39:05', '2020-06-22 09:39:05'),
(317, 'Teknisi Elektromedis Muda', 171, '2020-06-22 09:39:18', '2020-06-22 09:39:18'),
(318, 'Teknisi Elektromedis Madya', 171, '2020-06-22 09:39:26', '2020-06-22 09:39:26'),
(319, 'Perekam Medis Pelaksana', 175, '2020-06-22 09:41:11', '2020-06-22 09:41:11'),
(320, 'Perekam Medis Pelaksana Lanjutan', 175, '2020-06-22 09:41:25', '2020-06-22 09:41:25'),
(321, 'Perekam Medis Penyelia', 175, '2020-06-22 09:41:36', '2020-06-22 09:41:36'),
(322, 'Perekam Medis Pertama', 178, '2020-06-22 09:41:52', '2020-06-22 09:41:52'),
(323, 'Perekam Medis Muda', 178, '2020-06-22 09:42:02', '2020-06-22 09:42:02'),
(324, 'Perekam Medis Madya', 178, '2020-06-22 09:42:10', '2020-06-22 09:42:10'),
(325, 'Radiografer Pelaksana', 179, '2020-06-22 09:43:45', '2020-06-22 09:43:45'),
(326, 'Radiografer Pelaksana Lanjutan', 179, '2020-06-22 09:44:00', '2020-06-22 09:44:00'),
(327, 'Radiografer Penyelia', 179, '2020-06-22 09:44:13', '2020-06-22 09:44:13'),
(328, 'Radiografer Pertama', 181, '2020-06-22 09:44:33', '2020-06-22 09:44:33'),
(329, 'Radiografer Muda', 181, '2020-06-22 09:44:42', '2020-06-22 09:44:42'),
(330, 'Radiografer Madya', 181, '2020-06-22 09:44:51', '2020-06-22 09:44:51'),
(331, 'Psikolog Klinis Pertama', 184, '2020-06-22 09:46:38', '2020-06-22 09:46:38'),
(332, 'Psikolog Klinis Muda', 184, '2020-06-22 09:46:47', '2020-06-22 09:46:47'),
(333, 'Psikolog Klinis Madya', 184, '2020-06-22 09:46:54', '2020-06-22 09:46:54'),
(335, 'Refraksionis Optisien Pelaksana', 186, '2020-06-22 09:50:13', '2020-06-22 09:50:13'),
(336, 'Refraksionis Optisien Pelaksana Lanjutan', 186, '2020-06-22 09:50:24', '2020-06-22 09:50:24'),
(337, 'Refraksionis Optisien Pelaksana Penyelia', 186, '2020-06-22 09:50:38', '2020-06-22 09:50:38'),
(338, 'Sanitarian Pelaksana Pemula', 189, '2020-06-22 09:53:31', '2020-06-22 09:53:31'),
(339, 'Sanitarian Pelaksana', 189, '2020-06-22 09:53:39', '2020-06-22 09:53:39'),
(340, 'Sanitarian Pelaksana Lanjutan', 189, '2020-06-22 09:54:04', '2020-06-22 09:54:04'),
(341, 'Sanitarian Penyelia', 189, '2020-06-22 09:54:14', '2020-06-22 09:54:14'),
(342, 'Sanitarian Pertama', 191, '2020-06-22 09:54:33', '2020-06-22 09:54:33'),
(343, 'Sanitarian Muda', 191, '2020-06-22 09:54:41', '2020-06-22 09:54:41'),
(344, 'Sanitarian Madya', 191, '2020-06-22 09:54:48', '2020-06-22 09:54:48'),
(345, 'Okupasi Terapis Pelaksana', 194, '2020-06-22 09:56:27', '2020-06-22 09:56:27'),
(346, 'Okupasi Terapis Pelaksana Lanjutan', 194, '2020-06-22 09:56:40', '2020-06-22 09:56:40'),
(347, 'Okupasi Terapis Penyelia', 194, '2020-06-22 09:56:50', '2020-06-22 09:56:50'),
(348, 'Pembimbing Kesehatan Kerja Pertama', 195, '2020-06-22 09:59:38', '2020-06-22 09:59:38'),
(349, 'Pembimbing Kesehatan Kerja Muda', 195, '2020-06-22 09:59:48', '2020-06-22 09:59:48'),
(350, 'Pembimbing Kesehatan Kerja Madya', 195, '2020-06-22 10:00:02', '2020-06-22 10:00:02');

-- --------------------------------------------------------

--
-- Table structure for table `migrations`
--

CREATE TABLE `migrations` (
  `id` int(10) UNSIGNED NOT NULL,
  `migration` varchar(255) COLLATE utf8mb4_unicode_ci NOT NULL,
  `batch` int(11) NOT NULL
) ENGINE=InnoDB DEFAULT CHARSET=utf8mb4 COLLATE=utf8mb4_unicode_ci;

--
-- Dumping data for table `migrations`
--

INSERT INTO `migrations` (`id`, `migration`, `batch`) VALUES
(1, '2019_08_19_000000_create_failed_jobs_table', 1),
(2, '2020_05_20_094135_create_golongans_table', 1),
(3, '2020_06_03_145146_create_categories_table', 1),
(4, '2020_06_03_145316_create_instansi_pembina_table', 1),
(5, '2020_06_03_145407_create_rumpun_jabatan_table', 1),
(6, '2020_06_03_150007_create_jabatan_fungsional_table', 1),
(7, '2020_06_03_150912_create_detail_jabfung_table', 1),
(8, '2020_06_03_150913_create_jenjang_jabfung_table', 1),
(9, '2020_06_03_151150_create_dasar_hukum_table', 1),
(10, '2020_06_03_151328_create_pegawais_table', 1),
(11, '2020_06_03_151329_create_diklat_yang_diikuti_table', 1),
(12, '2020_10_06_151430_create_users_table', 1),
(13, '2020_06_21_083318_create_sliders_table', 2);

-- --------------------------------------------------------

--
-- Table structure for table `pegawais`
--

CREATE TABLE `pegawais` (
  `nip` varchar(18) COLLATE utf8mb4_unicode_ci NOT NULL,
  `name` varchar(255) COLLATE utf8mb4_unicode_ci NOT NULL,
  `birthday_place` varchar(255) COLLATE utf8mb4_unicode_ci NOT NULL,
  `birthday_date` date NOT NULL,
  `golongan` int(11) NOT NULL,
  `id_jenjang_jabfung` bigint(20) UNSIGNED NOT NULL,
  `unit_kerja` varchar(255) COLLATE utf8mb4_unicode_ci NOT NULL,
  `photo_path` text COLLATE utf8mb4_unicode_ci DEFAULT NULL,
  `created_at` timestamp NULL DEFAULT NULL,
  `updated_at` timestamp NULL DEFAULT NULL
) ENGINE=InnoDB DEFAULT CHARSET=utf8mb4 COLLATE=utf8mb4_unicode_ci;

--
-- Dumping data for table `pegawais`
--

INSERT INTO `pegawais` (`nip`, `name`, `birthday_place`, `birthday_date`, `golongan`, `id_jenjang_jabfung`, `unit_kerja`, `photo_path`, `created_at`, `updated_at`) VALUES
('098204072015022002', 'Martha Siska, S.Pt', 'Padang', '1982-04-07', 7, 93, 'Dinas Peternakan dan Kesehatan Hewan Provinsi Sumatera Barat', NULL, '2020-08-10 01:43:07', '2020-08-10 01:43:07'),
('195904251987031003', 'Drs.Weldi Bahari.M.Pd', 'Bukittinggi', '1959-04-25', 13, 212, 'BPSDM PROVINSI SUMATERA BARAT', NULL, '2020-06-23 20:21:14', '2020-06-23 20:31:50'),
('195907231986032003', 'Ir. Eva Manjas. MP', 'Bukittinggi', '1959-07-23', 13, 212, 'BPSDM SUMBAR', NULL, '2020-06-24 21:43:26', '2020-06-24 21:43:26'),
('196012181992021001', 'Ir. Nasridal Patria, M.M. M.Hum.', 'Padang', '1960-12-18', 12, 211, 'BPSDM Provinsi Sumatera Barat', 'img_5ef54713d7952_1593132819.jpg', '2020-06-25 17:30:26', '2020-06-25 17:53:39'),
('196101191985032003', 'KHAYANDRA SARI, SE', 'Padang', '1961-01-19', 10, 44, 'Dinas Kearsipan dan Perpustakaan Provinsi Sumatera Barat', NULL, '2020-08-09 23:51:34', '2020-08-09 23:51:34'),
('196109081987031010', 'AKMAL', 'BUKITTINGGI', '1961-09-08', 10, 218, 'CABANG DINAS PENDIDIKAN PROVINSI SUMATERA BARAT WILAYAH 1', NULL, '2020-08-05 00:53:28', '2020-08-05 00:53:28'),
('196109211984032004', 'Dra. DINI EDRIANI, M.Pd', 'Padang', '1961-09-21', 11, 222, 'SMA N 5 Bukittinggi', NULL, '2020-08-09 01:30:36', '2020-08-09 01:30:36'),
('196110281991031001', 'Mangamon Manalu', 'Siambaton', '1961-10-28', 11, 116, 'Balai Pengawasan dan Sertifikasi Benih', NULL, '2020-08-06 18:27:51', '2020-08-06 18:27:51'),
('196202251986032003', 'ARRAHMI', 'LUBUK SIKAPING', '1986-02-25', 10, 222, 'SMK NEGERI 2 PARIAMAN', NULL, '2020-08-04 21:02:23', '2020-08-04 21:02:23'),
('196204301988021001', 'Afrizal', 'IV. Angkat Candung', '1962-04-30', 12, 159, 'Disnakertrans prov.sumbar', NULL, '2020-08-07 06:12:33', '2020-08-07 06:12:33'),
('196206101985031009', 'Eliyusman', 'Tantaman', '1962-10-06', 11, 211, 'BPSDM', NULL, '2020-06-23 17:56:42', '2020-06-23 17:56:42'),
('196209031992032002', 'Ir. Suneva Basri. M.Si', 'Talago', '1962-09-03', 11, 211, 'BPSDM PROV Sumatera Barat', NULL, '2020-06-28 18:36:05', '2020-06-28 18:36:05'),
('196210051988031008', 'Marolop Tambunan', 'Padang Sidempuan', '1962-10-05', 10, 222, 'SMK N 2 Bukittinggi', NULL, '2020-08-06 18:54:18', '2020-08-06 18:54:18'),
('196210101987031011', 'Abrar Hamdy', 'Tanjung Barulak', '1962-10-10', 12, 116, 'UPTD BPSB Distanhortibun Sumbar', NULL, '2020-08-06 04:51:41', '2020-08-06 04:51:41'),
('196303121991031009', 'Ir.M.H.Kasyfi KS', 'Gadur', '1963-03-12', 11, 88, 'Dinas Pangan Provinsi Sumatera Barat', NULL, '2020-08-10 20:18:03', '2020-08-10 20:18:03'),
('196304081988031005', 'SYAFRIAL', 'KAB SOLOK', '1963-04-08', 11, 218, 'PENGAWAS SMK DAERAH KAB. SOLOK', NULL, '2020-08-10 07:02:32', '2020-08-10 07:02:32'),
('196304151983081001', 'Drs. Risman, M. Pd.', 'Apa, Agam', '1963-04-15', 12, 218, 'Dinas Pendidikan Provinsi Sumatera Barat', NULL, '2020-08-10 03:03:46', '2020-08-10 03:03:46'),
('196305051990031007', 'Drs.Maizul', 'Pandai Sikek', '1963-05-05', 10, 222, 'SMKN2 Bukittinggi', NULL, '2020-08-05 17:35:17', '2020-08-05 17:35:17'),
('196306301985122003', 'Nurwati', 'Sitapung', '1963-06-30', 10, 222, 'Sman 5 Bukittinggi', NULL, '2020-08-08 07:06:50', '2020-08-08 07:06:50'),
('196307251987112001', 'Firdawati', 'Bukittinggi', '1963-07-25', 10, 222, 'SMK  N 2 Bukittinggi', NULL, '2020-08-05 21:08:23', '2020-08-05 21:08:23'),
('196308051990032005', 'Ir. Aryati', 'Bengkalis', '1963-08-05', 11, 95, 'Dinas Peternakan dan Kesehatan Hewan Prov Sumbar', NULL, '2020-08-10 08:14:50', '2020-08-10 08:14:50'),
('196309061983032003', 'Dra.Arniati', 'Padang Pariaman', '1963-09-06', 10, 44, 'Dinas Kearsipan dan Perpustakaan Provinsi Sumatera Barat', NULL, '2020-08-10 00:06:11', '2020-08-10 00:06:11'),
('196310171989032002', 'Dra.irzawati', 'Rumbai, pekan baru', '1963-10-17', 10, 222, 'Smk negeri 2 bukittibggi', NULL, '2020-08-05 20:55:14', '2020-08-05 20:55:14'),
('196401281989032001', 'Defriyeni', 'Pasir lawas', '1964-01-28', 10, 222, 'SMKN 2 Bukittinggi', NULL, '2020-08-05 19:52:13', '2020-08-05 19:52:13'),
('196402101987032006', 'Zahara', 'Tilatang Kamang', '1964-02-10', 10, 222, 'SMK N 2 Bukittinggi', NULL, '2020-08-05 18:39:52', '2020-08-05 18:39:52'),
('196405151992021001', 'Maihalfr', 'Padang', '1964-05-15', 11, 211, 'BPSDM Sumbar', NULL, '2020-06-26 02:59:57', '2020-06-26 02:59:57'),
('196405171988031006', 'MADYA ZANRI', 'Pandai Sikek', '1964-05-17', 10, 221, 'SMAN 5 BUKITTINGGI', NULL, '2020-08-09 21:20:21', '2020-08-09 21:20:21'),
('196407021989082001', 'Rosnelli', 'Padang', '1964-07-02', 6, 33, 'Dinas Kearsipan dan Perpustakaan Provinsi Sumatera Barat', NULL, '2020-08-10 19:25:46', '2020-08-10 19:25:46'),
('196408251987031005', 'Drs. Khairul Basri, M. Pd', 'Bukittinggi', '1964-08-25', 11, 218, 'Kantor Cabang Dinas Pendidikan Wilayah. I Bukittinggi', NULL, '2020-08-10 05:57:21', '2020-08-10 05:57:21'),
('196411041994122001', 'Dra. Leli Novianti', 'Bukittinggi', '1964-11-04', 10, 222, 'SMK N 2 Bukittinggi', NULL, '2020-08-05 17:54:34', '2020-08-05 17:54:34'),
('196411101994121002', 'Syaiful Khair,S.Pd', 'Pekanbaru', '1964-11-11', 10, 222, 'SMA N 5 Bukittinggi', NULL, '2020-08-09 18:12:55', '2020-08-09 18:12:55'),
('196411281990032004', 'Disnimar', 'Candung', '1964-11-28', 10, 222, 'SMKN.2 Bukittinggi', NULL, '2020-08-05 17:53:39', '2020-08-05 17:53:39'),
('196412271989032006', 'Yuslinar', 'Toboh', '1964-12-27', 10, 221, 'SMKN 2 Bukittinggi', NULL, '2020-08-05 19:32:34', '2020-08-05 19:32:34'),
('196501031997101001', 'IR.RUSWENDI.MM', 'Padang', '1965-01-03', 9, 210, 'BPSDM Provinsi Sumatera Barat', NULL, '2020-08-10 01:29:26', '2020-08-10 01:29:26'),
('196501212002121001', 'alkapi sukra', 'Batu Ajung', '1965-01-21', 8, 107, 'UPTD BP2MB PTP DISTANHORBUN SUMBAR', NULL, '2020-08-09 18:55:37', '2020-08-09 18:55:37'),
('196502281989031002', 'Firdaus', 'Pampangan', '1965-02-28', 11, 222, 'SMA N 1 Bukittinggi', NULL, '2020-08-05 20:51:03', '2020-08-05 20:51:03'),
('196503161991031006', 'KURNIADI', 'SIMP. LIMAU', '1965-03-16', 10, 222, 'SMK NEGERI 2 BUKITTINGGI', NULL, '2020-08-06 19:17:53', '2020-08-06 19:17:53'),
('196503211994032001', 'Zuhartini', 'Gadut', '1965-03-21', 10, 222, 'SMKN 2 Bukitinggi', NULL, '2020-08-05 17:50:57', '2020-08-05 17:50:57'),
('196506051998022001', 'Dra.Adizar', 'Pandam', '1965-06-05', 10, 222, 'SMK N 2 Bukittinggi', NULL, '2020-08-05 21:17:57', '2020-08-05 21:17:57'),
('196506201987122002', 'Munziah, Amd.Keb', 'Kalimantan Barat', '1965-07-20', 9, 275, 'RSUD Pariaman', NULL, '2020-08-10 19:54:45', '2020-08-10 19:54:45'),
('196507061989032008', 'YUNITA WARMI, S.Pd', 'BUKITTINGGI', '1965-07-06', 11, 222, 'SMK NEGERI 2 BUKITTINGGI', NULL, '2020-08-06 18:14:57', '2020-08-06 18:14:57'),
('196507092014061002', 'IDRIS. A', 'PADANG', '1965-07-09', 7, 220, 'SMK NEGERI 2 BUKITTINGGI', NULL, '2020-08-05 16:35:20', '2020-08-05 16:35:20'),
('196509071989032005', 'Arlinda', 'Batutebal', '1965-09-07', 10, 222, 'SMK N 2 Bukittinggi, Sumbar', NULL, '2020-08-05 18:07:15', '2020-08-05 18:07:15'),
('196509092005011003', 'Anwar Efendi', 'Toboh Ketek', '1965-09-09', 10, 222, 'SMK N 1 Enam Lingkung', NULL, '2020-08-05 03:53:41', '2020-08-05 03:53:41'),
('196510301987031002', 'BUSRA EFFENDI', 'BUKITTINGGI', '1965-10-30', 10, 116, 'UPTD BPSB SUMATERA BARAT, DINAS TANAMAN PANGAN HORTIKULTURA DAN PERKEBUNAN', NULL, '2020-08-06 16:04:05', '2020-08-06 16:04:05'),
('196510301989032004', 'ELY ENDRIATI', 'Pontianak', '1965-10-30', 10, 222, 'SMK NEGERI 2 BUKITTINGGI', NULL, '2020-08-05 07:49:56', '2020-08-05 07:49:56'),
('196511021998022001', 'Elisastri', 'Agam', '1965-11-02', 11, 222, 'SMA N 5 Bukittinggi', NULL, '2020-08-09 18:23:35', '2020-08-09 18:23:35'),
('196512231990032003', 'Indrawati', 'Bangko', '2020-12-23', 10, 222, 'SMKN 2 BUKITTINGGI', NULL, '2020-08-05 17:32:57', '2020-08-05 17:32:57'),
('196601012007012017', 'Ramzarina', 'Bukittinggi', '1966-01-01', 8, 221, 'SMKN 2 BUKITTINGGI', NULL, '2020-08-05 17:59:07', '2020-08-05 17:59:07'),
('196604131990032004', 'Supartinah', 'Bukittinggi', '1966-04-13', 10, 222, 'SMK N 2 Bukittinggi', NULL, '2020-08-06 18:59:12', '2020-08-06 18:59:12'),
('196604131997022002', 'NANI AMELIA', 'Pariaman', '1966-04-13', 10, 222, 'SMAN 2 Tilatang Kamang', NULL, '2020-08-10 06:05:40', '2020-08-10 06:05:40'),
('196604271990032001', 'LINDRAWATY', 'Lubuk Begalung', '1966-06-27', 10, 211, 'BPSDM PROVINSI SUMATERA BARAT', NULL, '2020-06-23 18:41:40', '2020-06-23 18:41:40'),
('196605241995122001', 'Maslihati Zain', 'Bukitttinggi', '1966-05-24', 10, 222, 'SMK N 2 Bukittinggi', NULL, '2020-08-06 18:00:43', '2020-08-06 18:00:43'),
('196605311989032002', 'MAIZAR', 'Padang', '1983-05-31', 8, 41, 'Dinas Kearsipan dan Perpustakaan Provinsi Sumatera Barat', NULL, '2020-08-09 22:01:55', '2020-08-09 22:01:55'),
('196606151992031002', 'DRS. HAFIZURRAHMAN, MA', 'Talang Babungo', '1966-06-15', 11, 211, 'BPSDM Prov. Sumbar', NULL, '2020-06-26 04:53:40', '2020-06-26 04:53:40'),
('196606301999032003', 'Maita Hertati', 'Padang', '1966-06-30', 10, 88, 'Dinas Pangan Provinsi Sumatera Barat', NULL, '2020-08-10 00:08:57', '2020-08-10 00:08:57'),
('196608121995122002', 'GUSVIAR', 'AGAM', '1966-08-12', 11, 221, 'SMAN 5 BUKITTINGGI', NULL, '2020-08-09 21:23:13', '2020-08-09 21:23:13'),
('196608151992031003', 'Drs.Kadirman', 'Padang Pariaman', '1966-08-15', 10, 222, 'SMKN 1 Enam Lingkung', NULL, '2020-08-05 21:20:38', '2020-08-05 21:20:38'),
('196608301991032007', 'Dra Leli Jusmayenti', 'Padang', '1966-08-30', 10, 222, 'SMKN 2 Bukittinggi', NULL, '2020-08-05 18:20:11', '2020-08-05 18:20:11'),
('196611041993032004', 'Yurnis', 'Candung, Kab Agam', '1966-11-04', 10, 222, 'SMKN 2 Bukittinggi', NULL, '2020-08-05 17:31:57', '2020-08-05 17:31:57'),
('196612071995122004', 'Asmayetti', 'Agam', '1966-12-07', 10, 222, 'SMAN 5 Bukittinggi', NULL, '2020-08-08 01:25:36', '2020-08-08 01:25:36'),
('196612141989022001', 'Irza Rina, SP', 'Jayapura', '1966-12-14', 9, 113, 'UPTD. Balai Pengawasan dan Sertifikasi Benih Sumatera Barat', NULL, '2020-08-06 20:05:03', '2020-08-06 20:05:03'),
('196701022007011008', 'SYAMSURIADI, S.Pd', 'Kampung Aur', '1967-01-02', 9, 221, 'SMK N1 Enam Lingkung', NULL, '2020-08-06 18:33:58', '2020-08-06 18:33:58'),
('196702051990032003', 'Suwirda Suhaimi', 'Padang', '1967-02-05', 10, 222, 'SMKN 2 BUKITTINGGI', NULL, '2020-08-05 17:43:49', '2020-08-05 17:43:49'),
('196704251995122001', 'Drs.Yusra', 'Bukittinggi', '1967-04-25', 11, 222, 'SMK Negeri 2 Bukittinggi', NULL, '2020-08-05 08:32:58', '2020-08-05 08:32:58'),
('196707052007011005', 'WINTI CARITO', 'Kendal Ngawi', '1967-07-05', 6, 122, 'DINAS TANAMAN PANGAN, HORTIKULTURA DAN PERKEBUNAN PROVINSI SUMATERA BARAT', NULL, '2020-08-06 20:09:23', '2020-08-06 20:09:23'),
('196708031997031004', 'Andy Ikhvan', 'Medan', '1967-08-03', 11, 215, 'Dinas Pengelolaan Sumber Daya Air (PSDA) Propinsi Sumatera Barat', NULL, '2020-08-06 00:38:50', '2020-08-06 00:38:50'),
('196708111991032002', 'ISRAMIHARTI.K', 'Agam', '1967-08-11', 10, 222, 'SMK N 2 BUKITTINGGI', NULL, '2020-08-05 19:27:10', '2020-08-05 19:27:10'),
('196708142000031006', 'Nasri', 'Simpang Tiga Alin', '1967-08-14', 7, 112, 'UPTD BPSB Dinas Tanaman Pangan Hortikultura dan Perkebunan Propinsi Sumatera Barat', NULL, '2020-08-09 23:19:01', '2020-08-09 23:19:01'),
('196708301987122004', 'Desmeri Happy', 'Kabupaten Solok', '1968-08-30', 10, 299, 'RSUD M.NATSIR SOLOK', NULL, '2020-08-06 07:05:08', '2020-08-06 07:05:08'),
('196710141993032007', 'Easy Vandrs', 'Padang Panjang', '1967-10-14', 10, 222, 'SMK N 2 Bukittinggi', NULL, '2020-08-05 08:24:37', '2020-08-05 08:24:37'),
('196710162000122001', 'Dra. Hj Reno Rahmi M.Pd', 'padang', '1967-10-16', 11, 219, 'SMA ekasakti padang, SMA yapi padang', NULL, '2020-08-10 02:48:34', '2020-08-10 02:48:34'),
('196804031994032005', 'Muharni Dwiputri', 'Bukittinggi', '1968-04-03', 10, 221, 'SMAN 5 BUKITTINGGI', NULL, '2020-08-09 21:38:46', '2020-08-09 21:38:46'),
('196807131991031006', 'Yulimasri,S.Sos', 'Padang', '1968-07-13', 9, 36, 'Dinas Kearsipan dan Perpustakaan Prov. Sumatera Barat', NULL, '2020-08-07 04:12:33', '2020-08-07 04:12:33'),
('196807251988031001', 'Zulfiawarman', 'Bukitinggi', '1968-07-25', 10, 210, 'BPSDM Sumbar', NULL, '2020-06-28 05:11:40', '2020-06-28 05:11:40'),
('196808232003122001', 'Gusnida, SE.MSi', 'Padang', '1968-08-23', 9, 210, 'BPSDM PROV SUMBAR', NULL, '2020-06-26 02:55:42', '2020-06-26 02:55:42'),
('196810192008011001', 'ZULASFI YS, S.Pd', 'Tanjung Medan', '1968-10-19', 9, 221, 'SMK N1 Enam Lingkung', NULL, '2020-08-05 18:40:51', '2020-08-05 18:40:51'),
('196901011998011001', 'Dr. Pariadi, S.Pd., M.Pd', 'Muara Kiawai, Pasaman Barat', '1969-01-01', 11, 218, 'Dinas Pendidikan Prov. Sumbar Cabdin Wil. I Bkt -Agam -Pd Panjang', NULL, '2020-08-10 02:08:37', '2020-08-10 02:08:37'),
('196901031990032003', 'SALMA DWIPA', 'Palembayan', '1969-01-03', 8, 41, 'Dinas Kearsipan dan Perpustakaan Provinsi Sumatera Barat', NULL, '2020-08-09 22:21:10', '2020-08-09 22:21:10'),
('196901291991031008', 'IRZAM, S.Pd', 'Lubuk Pandan', '1969-01-29', 11, 222, 'SMKN 1 ENAM LINGKUNG', NULL, '2020-08-06 18:34:20', '2020-08-06 18:34:20'),
('196901291999031002', 'Yendri Buharma, SS', 'Payakumbuh', '1969-01-29', 10, 37, 'Dinas Kearsipan dan Perpustakaan Provinsi Sumatera Barat', NULL, '2020-08-10 18:32:20', '2020-08-10 18:32:20'),
('196904272005012004', 'Herita Dewi', 'Padang', '1969-04-04', 11, 211, 'BPSDM prov sumbar', NULL, '2020-06-26 02:52:48', '2020-06-26 02:52:48'),
('196905052007012012', 'Mailianti, S.pd', 'Bukittinggi', '1969-05-05', 9, 221, 'SMA N 5 BUKITTINGGI', NULL, '2020-08-09 21:05:34', '2020-08-09 21:05:34'),
('196907141998032006', 'Yuliarti SP', 'Bukittinggi', '1969-07-14', 9, 115, 'UPTD Balai Pengawasan dan Sertifikasi Benih Provinsi Sumbar', NULL, '2020-08-06 06:06:28', '2020-08-06 06:06:28'),
('196909181994032002', 'lovina nora', 'bukittinggi', '1969-09-18', 10, 222, 'SMK Negeri 2 Bukittinggi', NULL, '2020-08-05 18:04:21', '2020-08-05 18:04:21'),
('196910052007011011', 'PRAMUDIA AYUNI', 'LUBUK ALUNG', '1969-10-05', 10, 222, 'SMK N 1 ENAM LIGKUNG', NULL, '2020-08-07 21:47:10', '2020-08-07 21:47:10'),
('196911121994032005', 'Salfiati,  SP', 'Buo', '1969-11-12', 9, 115, 'UPTD BPSB Distanhorbun Provinsi Sumbar', NULL, '2020-08-06 06:37:30', '2020-08-06 06:37:30'),
('196911131994122001', 'ZULFIWADRIS, S.Pd', 'Bukittinggi', '1969-11-13', 10, 222, 'SMK N 2 Bukittinggi', NULL, '2020-08-06 18:36:20', '2020-08-06 18:36:20'),
('196911191994032005', 'Liliwati', 'Bukittinggi', '1969-11-19', 11, 222, 'SMA N 1 Bukittinggi', NULL, '2020-08-06 01:13:45', '2020-08-06 01:13:45'),
('197001031998022002', 'Harmiyati', 'BUKITTINGGI', '1970-01-03', 10, 222, 'SMAN 5 Bukittinggi', NULL, '2020-08-09 19:26:53', '2020-08-09 19:26:53'),
('197002082014061002', 'Fetriadi,S.Pd', 'Bukittinggi', '1970-02-08', 7, 220, 'SMA N 5 Bukittinggi', NULL, '2020-08-08 08:25:48', '2020-08-08 08:25:48'),
('197002201995122001', 'SANTI ASMIRA,S.Pd', 'PADANG PANJANG', '1970-02-20', 11, 222, 'SMAN 1 Koto Balingka - Pasaman Barat', NULL, '2020-08-05 18:20:18', '2020-08-05 18:20:18'),
('197004031997022001', 'Elianis, S.Pd', 'Pasanehan', '1970-04-03', 10, 222, 'SMK Negeri 2 Bukittinggi', NULL, '2020-08-05 19:36:47', '2020-08-05 19:36:47'),
('197004282007012004', 'ZULHELMI, S.Pd', 'Bukittinggi', '1970-04-28', 8, 221, 'SMA N 5 BUKITTINGGI', NULL, '2020-08-08 18:18:04', '2020-08-08 18:18:04'),
('197005241995122001', 'Yurnalis', 'Kampung Guci', '1970-05-24', 11, 223, 'SMK Negeri 1 Enam Lingkung', NULL, '2020-08-10 18:23:29', '2020-08-10 18:23:29'),
('197009062003121004', 'EDI ARMAN,S.Pd', 'Toboh Apar', '1970-09-06', 10, 222, 'SMK N1 Enam Lingkung', NULL, '2020-08-05 18:49:38', '2020-08-05 18:49:38'),
('197009071994032002', 'Kasniwati. SP', 'Padang', '1970-09-07', 9, 84, 'Dinas Pangan Provinsi Sumatera Barat', NULL, '2020-08-10 20:27:57', '2020-08-10 20:27:57'),
('197010301995031001', 'Oktaviandra Putra.B, SP', 'Padang', '1970-10-30', 11, 116, 'Uptd. BALAI PENGAWASAN DAN SERTIFIKASI BENIH', NULL, '2020-08-06 05:55:48', '2020-08-06 05:55:48'),
('197011071994122002', 'Arniati', 'Sungai Jernih', '1970-11-07', 10, 222, 'SMK NEGERI 2 BUKITTINGGI', NULL, '2020-08-06 18:08:42', '2020-08-06 18:08:42'),
('197012021996031002', 'Sutomo, M.Pd', 'Bantul', '1970-12-02', 10, 222, 'SMKN 2 BUKITTINGGI', NULL, '2020-08-05 07:44:38', '2020-08-05 07:44:38'),
('197101182009012001', 'Yanuarni', 'Padang', '1971-01-18', 4, 32, 'Dinas Kearsipan dan Perpustakaan Provinsi Sumatera Barat', NULL, '2020-08-10 20:18:56', '2020-08-10 20:18:56'),
('197102161998032003', 'Rini Pebriani Jamrah,  S. Pd, MM', 'Padang', '1971-02-16', 9, 210, 'BPSDM Prov Sumbar', NULL, '2020-06-26 05:32:00', '2020-06-26 05:32:00'),
('197103251999032006', 'Lisa Asdriane, SP.MP', 'Padang', '1971-03-25', 10, 85, 'Dinas Pangan Provinsi Sumatera Barat', NULL, '2020-08-09 18:27:29', '2020-08-09 18:27:29'),
('197108012006041002', 'AGUS HENDRI', 'KOTO TINGGI', '1971-08-01', 9, 221, 'SMK N 1 ENAM LINGKUNG', NULL, '2020-08-05 01:12:41', '2020-08-05 01:12:41'),
('197108302006042005', 'Anita Nora', 'Koto Baru Bayang', '1971-08-30', 8, 7, 'Inspektorat Provinsi Sumatera Barat', NULL, '2020-08-10 20:23:12', '2020-08-10 20:23:12'),
('197112281997011002', 'Des Indri Prihantony', 'Bukittinggi', '1971-12-28', 11, 211, 'BPSDM Prov. Sumatera Barat', NULL, '2020-06-25 17:06:07', '2020-06-25 17:06:07'),
('197202032006042006', 'Roza Fendya', 'Bukittinggi', '1972-02-03', 9, 221, 'SMK N 2 Bukittinggi Sumbar', NULL, '2020-08-05 15:01:10', '2020-08-05 15:01:10'),
('197203052014062002', 'ERAMAYANTI, S.Pd', 'Pasar Jambak', '1972-03-05', 6, 220, 'SMK N1 Enam Lingkung', NULL, '2020-08-05 18:28:00', '2020-08-05 18:28:00'),
('197203232005011008', 'ARLISON SEMBIRING, S.Pd.', 'Langkat', '1972-03-23', 10, 218, 'Dinas Pendidikan Provinsi Sumatera Barat', NULL, '2020-08-10 20:00:40', '2020-08-10 20:00:40'),
('197207192007012002', 'TRISNA  YULI AFNI,S.Sos', 'Medan', '1972-07-19', 9, 43, 'Dinas Kearsipan dan Perpustakaan Provinsi Sumatera Barat', NULL, '2020-08-09 21:40:20', '2020-08-09 21:40:20'),
('197208252005012007', 'Gusni Devi', 'Bukittinggi', '1972-08-25', 8, 222, 'SMKN 2 Bukittinggi', NULL, '2020-08-06 18:07:38', '2020-08-06 18:07:38'),
('197210072006042010', 'Ilnafia', 'Puti Ramus', '1972-10-07', 8, 221, 'SMKN 2 BUKITTINGGI', NULL, '2020-08-05 19:23:21', '2020-08-05 19:23:21'),
('197211152014061002', 'NOFRIALDI', 'AGAM', '1972-11-15', 6, 220, 'SMAN 1 BUKITTINGGI', NULL, '2020-08-04 23:46:42', '2020-08-04 23:46:42'),
('197212141997022002', 'Hasbiah, S. Pd.', 'Kampung Baro', '1972-12-14', 10, 222, 'SMKN 2 Bukittinggi', NULL, '2020-08-05 21:08:17', '2020-08-05 21:08:17'),
('197303022011011001', 'Busra, S.Kom, M.Kom', 'Sawahlunto', '1973-03-02', 9, 210, 'BPSDM Provinsi Sumatera Barat', NULL, '2020-06-27 21:26:53', '2020-06-27 21:26:53'),
('197304272008032001', 'VISKA ARESTIDA, SP', 'PADANG', '1973-04-27', 8, 107, 'UPTD BP2MB PTP DISTANHORBUN SUMBAR', NULL, '2020-08-09 18:29:10', '2020-08-09 18:29:10'),
('197306282006042007', 'Yuli Asmi', 'Bukittinggi', '1973-06-28', 10, 222, 'SMKN 2 BUKITTINGGI', NULL, '2020-08-05 17:37:57', '2020-08-05 17:37:57'),
('197307031999032003', 'Juliati,SE', 'Padang', '1973-07-03', 9, 39, 'Dinas Kearsipan dan Perpustakaan Provinsi Sumatera Barat', NULL, '2020-08-09 21:24:37', '2020-08-09 21:24:37'),
('197309131994032001', 'ARMELIA SYAFEI, S. Sos', 'Padang', '1973-09-13', 10, 44, 'Dinas Kearsipan dan Perpustakaan Provinsi Sumatera Barat', NULL, '2020-08-09 22:04:53', '2020-08-09 22:04:53'),
('197310051992021001', 'Yanison MN, SE.,MM.', 'Padang', '1973-10-05', 11, 211, 'BPSDM Prov. Sumatera Barat', NULL, '2020-06-27 20:10:32', '2020-06-27 20:10:32'),
('197311092006042009', 'Wirna Nofitri', 'Bukittinggi', '1973-11-09', 8, 221, 'SMK N 2 Bukittinggi', NULL, '2020-08-05 19:46:17', '2020-08-05 19:46:17'),
('197311172005012004', 'Nofrida', 'Padang', '1973-11-17', 9, 221, 'SMK Negeri 2 Bukittinggi', NULL, '2020-08-05 20:05:42', '2020-08-05 20:05:42'),
('197401152006042009', 'Ismeriyenti', 'Bukittinggi', '1974-01-15', 8, 221, 'SMKN 2 Bukittinggi Sumbar', NULL, '2020-08-05 18:07:15', '2020-08-05 18:07:15'),
('197402122006042014', 'Rina Susanti, S.Pd', 'Agam', '1974-02-12', 8, 221, 'SMA N 5 BUKITTINGGI', NULL, '2020-08-09 21:20:00', '2020-08-09 21:20:00'),
('197402131993031003', 'feri edison', 'padang', '1974-02-13', 9, 87, 'Dinas Pangan Provinsi Sumatera Barat', NULL, '2020-08-09 21:14:39', '2020-08-09 21:14:39'),
('197403232009012004', 'SYOFRINA BAHRI, SS', 'Padang', '1974-03-23', 9, 43, 'Dinas Kearsipan dan Perpustakaan Provinsi Sumatera Barat', NULL, '2020-08-09 23:37:14', '2020-08-09 23:37:14'),
('197406092006042006', 'Helni Rahmilda,M.Pd', 'Tanjung Karang', '1974-06-09', 8, 222, 'SMK Negeri 2 Bukittinggi', NULL, '2020-08-06 15:30:44', '2020-08-06 15:30:44'),
('197408082009012002', 'DINA SUSIATI,SP', 'PAYAKUMBUH', '1974-08-08', 7, 83, 'DINAS PANGAN PROVINSI SUMATERA BARAT', NULL, '2020-08-09 18:18:01', '2020-08-09 18:18:01'),
('197408172003121002', 'Hilman, S.Pt', 'Jakarta', '1974-08-17', 9, 100, 'Dinas Peternakan dan Kesehatan Hewan Provinsi Sumatera Barat', NULL, '2020-08-10 01:52:12', '2020-08-10 01:52:12'),
('197410302005012006', 'IRA SUSANTI', 'KOTO GADANG', '1974-10-30', 9, 221, 'SMK NEGERI 2 BUKITTINGGI', NULL, '2020-08-06 18:41:57', '2020-08-06 18:41:57'),
('197501261999031001', 'Romy Zulfi Yandra, S.Kom', 'Padang', '1975-01-26', 10, 44, 'Dinas Kearsipan dan Perpustakaan Provinsi Sumatera Barat', NULL, '2020-08-09 21:21:10', '2020-08-09 21:21:10'),
('197504141999032002', 'Fenti Kesuma Dewi, S.Sos', 'Pematang Siantar', '1975-04-14', 10, 44, 'Dinas Kearsipan dan Perpustakaan Provinsi Sumatera Barat', NULL, '2020-08-09 21:36:07', '2020-08-09 21:36:07'),
('197504232006041003', 'Irwan Tanjung, SP.M.Si.', 'Padang', '1975-04-23', 9, 122, 'Dinas Tanaman Pangan, Hortikultura dan Perkebunan Provinsi Sumatera Barat', NULL, '2020-08-06 19:59:14', '2020-08-06 19:59:14'),
('197508182005012009', 'Eva Lena,S.Pd', 'Bukittinggi', '1975-08-18', 9, 221, 'SMK Negeri 2 Bukittinggi', NULL, '2020-08-05 17:32:04', '2020-08-05 17:32:04'),
('197511021999032003', 'WENI NOFERIANTI, SE, M.Si', 'PADANG', '1975-11-02', 9, 210, 'BPSDM PROVINSI SUMATERA BARAT', NULL, '2020-06-25 06:18:31', '2020-06-25 06:18:31'),
('197512162008012001', 'Alisna Rahimsyah', 'Pakandangan', '1975-12-16', 8, 222, 'SMK NEGRI 1 ENAM LINGKUNG', NULL, '2020-08-06 07:17:36', '2020-08-06 07:17:36'),
('197601202005012003', 'MAWARNI,S.Pd', 'PADANG', '1976-01-20', 9, 222, 'SMAN 4 KOTA SOLOK', NULL, '2020-08-06 06:59:57', '2020-08-06 06:59:57'),
('197603282014062002', 'ZULFA YETTI MARNI', 'Bukittinggi', '1976-03-28', 7, 221, 'SMAN 5 BUKITTINGGI', NULL, '2020-08-09 21:16:19', '2020-08-09 21:16:19'),
('197606092005012004', 'YESSI YURISKASARI, S.Pd.M.Pd', 'PAYAKUMBUH', '1976-06-09', 10, 223, 'SMKN 2 BUKITTINGGI', NULL, '2020-08-04 23:03:59', '2020-08-04 23:03:59'),
('197607062010011009', 'Yelizar,S.TP', 'Padang', '1976-07-06', 8, 221, 'SMK N 1 Enam Lingkung', NULL, '2020-08-04 21:22:48', '2020-08-04 21:22:48'),
('197607302006042012', 'DEWY SUHESTI', 'AGAM', '1976-07-30', 8, 221, 'SMK N 2 BUKITTINGGI', NULL, '2020-08-05 20:21:02', '2020-08-05 20:21:02'),
('197608042008011002', 'SYAFRUDDIN, S.Pd', 'Rawang Gadang', '1976-08-04', 9, 221, 'SMK N1 Enam Lingkung', NULL, '2020-08-06 18:27:30', '2020-08-06 18:27:30'),
('197608262011012005', 'Zelminar, S. Pd', 'Sungai Tutung', '1976-08-26', 6, 220, 'SMK Negeri 2 Bukittinggi', NULL, '2020-08-05 17:33:10', '2020-08-05 17:33:10'),
('197610092014062002', 'MAIZA FITRAH', 'Bukittinggi', '1976-10-09', 7, 221, 'SMK N 2 Bukittinggi', NULL, '2020-08-05 19:57:42', '2020-08-05 19:57:42'),
('197610291998032002', 'Ns. Iswati, S.Kep', 'Siaur', '1976-10-29', 9, 260, 'RSUD M. NATSIR', NULL, '2020-08-07 05:51:54', '2020-08-07 05:51:54'),
('197612122003122006', 'Sriwidiyas tuti, S.TP', 'Batabuh koto baru', '1976-12-12', 9, 114, 'UPTD BPSB, DINAS TANAMAN PANGAN HORTIKULTURA DAN PERKEBUNAN PROP.SUMBAR', NULL, '2020-08-06 07:07:13', '2020-08-06 07:07:13'),
('197612122009012002', 'Andri Yani,S.Pd', 'Simalanggang Kab.50 Kota', '1976-12-12', 8, 221, 'SMK N 2 Bukittinggi', NULL, '2020-08-06 20:48:26', '2020-08-06 20:48:26'),
('197701222008011012', 'FAISAL,S.Pd', 'PAUH KAMBAR', '1977-01-22', 8, 220, 'SMK N1 Enam Lingkung', NULL, '2020-08-05 19:00:18', '2020-08-05 19:00:18'),
('197702142003122002', 'Fetria Yudarni', 'bulakan', '1977-02-14', 9, 221, 'SMA N 5 BUKITTINGGI', NULL, '2020-08-09 20:57:24', '2020-08-09 20:57:24'),
('197702201997022004', 'Ns. Murhayeni, S.Kep', 'Paninjauan', '1977-02-20', 10, 261, 'RSUD M. NATSIR', NULL, '2020-08-07 08:19:14', '2020-08-07 08:19:14'),
('197704082002122006', 'Maryam Umar, S. Pd, M, Si', 'Bukittinggi', '1977-04-08', 10, 222, 'SMK N 2 BUKITTINGGi', NULL, '2020-08-05 19:33:23', '2020-08-05 19:33:23'),
('197707212003121003', 'Weliaroza,S.Pd', 'Agam', '1977-07-21', 9, 221, 'SMKN 2 BUKITTINGGI', NULL, '2020-08-05 08:11:59', '2020-08-05 08:11:59'),
('197709192010011011', 'Fadlan', 'Padang', '1977-06-08', 7, 24, 'BPSDM Provinsi Sumatera Barat', NULL, '2020-06-24 18:35:22', '2020-06-24 18:35:22'),
('197801082003122004', 'Matriza, S. PdI', 'Andaleh', '1978-01-08', 9, 221, 'SMA NEGERI 5 BUKITTINGGI', NULL, '2020-08-09 19:28:41', '2020-08-09 19:28:41'),
('197802032006042009', 'RENI FEBRIANTI', 'KUBANG DUO', '1978-02-03', 9, 221, 'SMKN 2 BUKITTINGGI', NULL, '2020-08-06 18:40:05', '2020-08-06 18:40:05'),
('197803092006041008', 'Hardimentis Marwan', 'Durian Batu', '1978-03-09', 9, 221, 'SMKN 1 SUNGAI AUR', NULL, '2020-08-04 22:44:29', '2020-08-04 22:44:29'),
('197806132014062005', 'IRITTA VOLIANA, SP', 'Pesisir Selatan', '1978-06-13', 7, 83, 'Dinas Pangan Provinsi Sumatera Barat', NULL, '2020-08-09 02:16:55', '2020-08-09 02:16:55'),
('197808182002122004', 'Guswita, S. Ag', 'Koto Tangah SMLG', '2020-08-18', 9, 221, 'SMK N 2 Bukittinggi', NULL, '2020-08-06 19:23:20', '2020-08-06 19:23:20'),
('197901292006042003', 'RATNAWILIS ELFIA', 'Bukittinggi', '1979-01-29', 8, 221, 'SMAN 5 BUKITTINGGI', NULL, '2020-08-09 21:09:04', '2020-08-09 21:09:04'),
('197908062010011022', 'Fathul', 'Air Bangis', '1979-08-06', 8, 209, 'BPSDM Provinsi Sumatera Barat', NULL, '2020-06-23 17:48:43', '2020-06-23 17:48:43'),
('197909042008011001', 'Jhoni M', 'Padang', '1979-09-04', 4, 32, 'Dinas Kearsipan dan Perpustakaan Provinsi Sumatera Barat', NULL, '2020-08-10 20:23:51', '2020-08-10 20:23:51'),
('197910182002122002', 'Oktamira, M.Pd', 'Bukittinggi', '1979-10-18', 10, 222, 'SMK N 2 Bukittinggi', NULL, '2020-08-05 19:38:41', '2020-08-05 19:38:41'),
('197911082006042028', 'DELMA FULIA,S.Pd', 'BATU SANGKAR', '1979-08-11', 8, 220, 'SMK N1 Enam Lingkung', NULL, '2020-08-05 19:18:49', '2020-08-05 19:18:49'),
('198003122008012030', 'Deni Pranika Ananta', 'Tanjung Gadang', '1980-03-12', 7, 40, 'Dinas Pemberdayaan Masyarakat dan Desa Kabupaten Dharmasraya', NULL, '2020-08-10 00:33:51', '2020-08-10 00:33:51'),
('198003172003122005', 'Mardayeli Danhas', 'Bukittinggi', '1980-03-17', 10, 211, 'BPSDM Provinsi Sumatera Barat', 'img_5ef4c3b5bb01b_1593099189.jpg', '2020-06-25 08:25:07', '2020-06-25 08:33:09'),
('198003282003122003', 'Lucy Handayani, S. Pd', 'Padang', '1980-03-28', 10, 222, 'SMA N 5 Bukittinggi', NULL, '2020-08-08 06:28:29', '2020-08-08 06:28:29'),
('198005092010012014', 'Rozi, S.IP', 'Pasar Kuok - Pesisir Selatan', '1980-05-09', 8, 36, 'Dinas Kearsipan dan Perpustakaan Provinsi Sumatera Barat', NULL, '2020-08-10 18:09:03', '2020-08-10 18:09:03'),
('198010032009011001', 'Hodril, S. Pd', 'P. Kamis Kab. Agam', '1980-10-03', 9, 221, 'SMK Negeri 2 Bukittinggi', NULL, '2020-08-05 10:23:08', '2020-08-05 10:23:08'),
('198011272009012004', 'Fitri Adona, S.Pd', 'Padang', '1980-11-27', 6, 221, 'SMK NEGERI 2 BUKITTINGGI', NULL, '2020-08-04 21:45:09', '2020-08-04 21:45:09'),
('198104062006042008', 'Reni Susanty, S.Pd', 'Maninjau', '1981-06-04', 8, 221, 'SMA N 5 BUKITTINGGI', NULL, '2020-08-09 21:10:18', '2020-08-09 21:10:18'),
('198105202006041003', 'DEFLIMAI EKWAN, S.Kom,MM', 'Koto Urek', '1981-05-20', 10, 222, 'SMA N 1 MAPAT TUNGGUL', NULL, '2020-08-04 22:08:23', '2020-08-04 22:08:23'),
('198107022009012003', 'Triska Dona J', 'Padang Panjang', '1981-07-02', 8, 7, 'Inspektorat Provinsi Sumatera Barat', NULL, '2020-08-10 20:01:19', '2020-08-10 20:01:19'),
('198110262009012002', 'drh. Eka Oktarianti, M.Sc', 'Koto Tangah Simalanggang', '1981-10-26', 9, 103, 'Dinas Peternakan dan Kesehatan Hewan Provinsi Sumatera Barat', NULL, '2020-08-10 17:56:22', '2020-08-10 17:56:22'),
('198112302007012003', 'NILA DELPHIA EKA SUSILAWATI,S.Sos', 'ABAI SIAT', '1981-12-30', 6, 42, 'RSUD Sungai Dareh Kab.Dharmasraya', NULL, '2020-08-10 00:32:15', '2020-08-10 00:32:15'),
('198202222009012001', 'Isnawati', 'Kab. Agam', '2020-08-22', 8, 221, 'SMK NEGERI 2 BUKITTINGGI', NULL, '2020-08-05 20:47:59', '2020-08-05 20:47:59'),
('198203102009012004', 'Mery Indrawati', 'Padang', '1982-03-10', 4, 96, 'Dinas Peternakan dan Kesehatan Hewan Provinsi Sumatera Barat', NULL, '2020-08-10 01:49:11', '2020-08-10 01:49:11'),
('198204192014032001', 'Fatmawati.S.Pt', 'Padang', '2020-08-19', 7, 93, 'Dinas Peternakan dan Kesehatan Hewan Provinsi Sumatera Barat', NULL, '2020-08-10 20:41:56', '2020-08-10 20:41:56'),
('198204252009012007', 'Oriza Fahri, S.Pd', 'Tarusan', '1982-04-25', 8, 221, 'SMKN 2 Bukittinggi', NULL, '2020-08-05 19:24:56', '2020-08-05 19:24:56'),
('198209012005032007', 'Suci Mardyah,SEI,M.Ec.Dev', 'Padang Panjang', '1982-09-01', 9, 210, 'BPSDM Provinsi sumbar', NULL, '2020-06-26 15:52:05', '2020-06-26 15:52:05'),
('198209032009012001', 'Reni Fitrisia, S.Pd, M.Pd.T', 'Agam', '1982-09-03', 8, 221, 'SMK N 2 Bukittinggi', NULL, '2020-08-05 09:03:14', '2020-08-05 09:03:14'),
('198209202009012004', 'Maswira Restuti', 'Tanah Datar', '1982-09-20', 8, 221, 'SMAN 5 Bukittinggi', NULL, '2020-08-09 19:13:36', '2020-08-09 19:13:36'),
('198210032005012008', 'Nurlaena, S.Pd, M.si', 'Bukittinggi', '1982-10-03', 9, 221, 'SMA N 5 BUKITTINGGI', NULL, '2020-08-09 20:59:24', '2020-08-09 20:59:24'),
('198211062009012002', 'Atik Sri Sudewi,S.Pd', 'Jambi', '2020-11-06', 8, 222, 'SMK NEGERI 2 BUKITTINGGI', NULL, '2020-08-04 23:04:20', '2020-08-04 23:04:20'),
('198301212009012002', 'Popy Anggreni,SIP', 'Padang', '1983-01-21', 7, 42, 'Dinas Perpustakaan dan Kearsipan Kabupaten Dharmasraya', NULL, '2020-08-10 00:32:58', '2020-08-10 00:32:58'),
('198302212005012004', 'Vivi Ukhwatul Khasanah Masbiran', 'Padang', '1983-02-21', 9, 14, 'Balitbang Provinsi Sumbar', NULL, '2020-08-06 20:41:55', '2020-08-06 20:41:55'),
('198305012010012032', 'Resi Pertiwi', 'Bukittinggi', '1983-05-01', 8, 221, 'SMA N 5 Bukittinggi', NULL, '2020-08-08 07:46:21', '2020-08-08 07:46:21'),
('198306272010011023', 'Fakhru Rozi', 'Padang', '1983-06-27', 8, 6, 'Inspektorat Daerah Provinsi Sumatera Barat', NULL, '2020-08-10 20:39:44', '2020-08-10 20:39:44'),
('198306302009011004', 'RIYO YUNANDA, S. Sos', 'Padang', '1983-06-30', 7, 42, 'Dinas Kearsipan dan Perpustakaan Provinsi Sumatera Barat', NULL, '2020-08-09 21:58:06', '2020-08-09 21:58:06'),
('198307232010012006', 'Silvitri Yeni,S.IP', 'Padang', '1983-07-23', 6, 35, 'Dinas Kearsipan dan Perpustakaan Provinsi Sumatera Barat', NULL, '2020-08-10 20:03:55', '2020-08-10 20:03:55'),
('198308232010012030', 'dr. Nur\'izzati, Sp.PK', 'Padang', '1983-08-23', 8, 244, 'RSUD Mohammad Natsir, Kota Solok', NULL, '2020-08-06 21:30:00', '2020-08-06 21:30:00'),
('198309172015022003', 'SEVIL HARDAYATI, A.Md', 'Gantung Ciri, Kabupaten Solok', '1983-09-17', 5, 111, 'UPTD BPSB TPH Provinsi Sumatera Barat', NULL, '2020-08-06 06:59:41', '2020-08-06 06:59:41'),
('198310132015022001', 'Elfi Natalia', 'Kabupate lima puluh kota', '1983-10-13', 5, 112, 'UPTD.  Balai Pengawasan dan Sertifikasi Benih Provinsi Sumatera Barat', NULL, '2020-08-06 05:47:31', '2020-08-06 05:47:31'),
('198310152011012003', 'Fivtinia Octagusni', 'Bukittinggi', '1983-10-15', 6, 54, 'Biro Kerjasama, Pembangunan dan Rantau', NULL, '2020-08-05 20:07:04', '2020-08-05 20:07:04'),
('198311282015022001', 'Novri Yanti', 'Aceh Selatan', '1983-11-28', 6, 213, 'DINAS Pengelolaan Sumber Daya Air', NULL, '2020-08-07 05:18:50', '2020-08-07 05:18:50'),
('198312232009012003', 'Ilham Mida', 'Duri, Kab. Bengkalis', '1983-12-23', 8, 221, 'SMAN 5 BUKITTINGGI', NULL, '2020-08-08 08:50:44', '2020-08-08 08:50:44'),
('198401212010011011', 'SYUKRIL HAMDI UMAR, S.Pd', 'GADUR', '1984-01-21', 6, 221, 'SMA NEGERI 5 PARIAMAN', NULL, '2020-08-05 03:58:15', '2020-08-05 03:58:15'),
('198411242010012021', 'HILDA NOVITA', 'PADANG', '1984-11-24', 8, 115, 'Uptd balai pengawasan dan sertifikasi benih prov. Sumbar', NULL, '2020-08-06 20:22:31', '2020-08-06 20:22:31'),
('198411302010011013', 'Jufrinal, ST, MT', 'Padang', '1984-11-30', 8, 214, 'Dinas PSDA Provinsi Sumatera Barat', NULL, '2020-08-06 00:03:23', '2020-08-06 00:03:23'),
('198412042011012002', 'Desirizta Sari Steviani, SE, Ak, MSAK', 'Padang', '1984-12-04', 8, 210, 'BPSDM PROVINSI SUMATERA BARAT', NULL, '2020-06-26 05:57:21', '2020-06-26 05:57:21'),
('198502092009022002', 'WIKE NOFRIANI', 'PADANG', '2020-08-09', 9, 221, 'SMKN 1 ENAM LINGKUNG', NULL, '2020-08-07 21:13:51', '2020-08-07 21:13:51'),
('198504102019031012', 'ISRADENI', 'AGAM', '1985-04-10', 7, 213, 'DINAS PENGELOLAAN SUMBER DAYA AIR', NULL, '2020-08-06 20:31:44', '2020-08-06 20:31:44'),
('198506062009022004', 'NENENG FITRIA', 'BALAI PANJANG', '2020-06-06', 8, 221, 'SMK N 2 BUKITTINGGI', NULL, '2020-08-05 18:28:58', '2020-08-05 18:28:58'),
('198507272015011001', 'Mahendra', 'Medan', '1985-07-27', 6, 121, 'Dinas Tanaman Pangan Hortikultura dan Perkebunan', NULL, '2020-08-06 08:14:01', '2020-08-06 08:14:01'),
('198604102019031006', 'Devid Indra Jamber, S.PdI', 'Pesisir Selatan', '1986-04-10', 7, 220, 'SMAN 1 Pagai Utara Selatan -Kep.Mentawai', NULL, '2020-08-10 16:44:52', '2020-08-10 16:44:52'),
('198606032015022003', 'Islamiati, S.Pt', 'Solok', '1984-06-03', 7, 93, 'Dinas Peternakan dan Kesehatan Hewan Provinsi Sumatera Barat', NULL, '2020-08-10 01:25:19', '2020-08-10 01:25:19'),
('198609042014032001', 'Selvi Elvia, SP', 'Pasaman', '1986-09-04', 6, 114, 'Balai Pengawasan dan Sertifikasi Benih Provinsi Sumatera Barat', NULL, '2020-08-06 05:44:59', '2020-08-06 05:44:59'),
('198610052010011013', 'Romi Sukma, S.H., M.P.A.', 'Binjai', '1986-10-05', 8, 22, 'Badan Kepegawaian Daerah Provinsi Sumatera Barat', NULL, '2020-08-10 00:55:14', '2020-08-10 00:55:14'),
('198611132010012019', 'SIRLI MELINDA, S.Pd', 'Padang Panjang', '1986-11-13', 8, 221, 'SMK N 1 Enam Lingkung', NULL, '2020-08-06 20:20:46', '2020-08-06 20:20:46'),
('198612232010012011', 'Desputri Mayuliza', 'padang', '1986-12-23', 6, 35, 'Dinas Kearsipan dan Perpustakaan Prov. Sumbar', NULL, '2020-08-06 23:29:31', '2020-08-06 23:29:31'),
('198705302010012013', 'Fitri Mayasari Gusti,A.Md', 'Padang', '1987-05-30', 7, 33, 'Dinas Kearsipan dan Perpustakaan Provinsi Sumatera Barat', NULL, '2020-08-10 18:29:58', '2020-08-10 18:29:58'),
('198706092010012016', 'Surya Ningsih, S.Sos', 'Koto Berapak', '1987-06-09', 6, 42, 'Dinas Kearsipan dan Perpustakaan Provinsi Sumatera Barat', NULL, '2020-08-10 19:11:49', '2020-08-10 19:11:49'),
('198709012015021002', 'RIKI RIZLA', 'Padang', '1987-09-01', 7, 28, 'Biro Kerjasama, Pembangunan dan Rantau', NULL, '2020-08-09 22:29:23', '2020-08-09 22:29:23'),
('198709032014031001', 'Yopi Pratama', 'Padang', '1987-09-03', 6, 114, 'UPTD Balai Pengawasan dan Sertifikasi Benih Distanhorbun Prov. Sumatera Barat', NULL, '2020-08-06 06:25:07', '2020-08-06 06:25:07'),
('198710112014032001', 'Mirna Oktavani, SP', 'Payakumbuh', '1987-10-11', 6, 114, 'UPTD Balai Pengawasan & Sertifikasi Benih Provinsi Sumatera Barat', NULL, '2020-08-06 07:02:02', '2020-08-06 07:02:02'),
('198712102014031001', 'Ferlingga Marchino, SP', 'Dharmasraya', '1987-12-10', 6, 114, 'UPTD BPSB Distanhorbun Prov Sumbar', NULL, '2020-08-06 16:01:01', '2020-08-06 16:01:01'),
('198801122011012002', 'Widya Kumala Putri, S.IP', 'Padang', '1988-01-12', 7, 35, 'Dinas Kearsipan Dan Perpustakaan Provinsi Sumatera Barat', NULL, '2020-08-07 00:32:23', '2020-08-07 00:32:23'),
('198804012015022002', 'Serly Deranti', 'Padang', '1988-04-01', 6, 114, 'UPTD BPSB DISTANHORTIBUN PROV.SUMBAR', NULL, '2020-08-06 06:10:51', '2020-08-06 06:10:51'),
('198807102011012007', 'Winda Desrah Maini, A.Md', 'Rantau Batu Ambacang', '1988-07-10', 7, 40, 'Dinas Perpustakaan dan Kearsipan Kota Padang Panjang', NULL, '2020-08-10 00:00:00', '2020-08-10 00:00:00'),
('198809252014031001', 'Aulia Gunaldi, S.Pt', 'Padang Pariaman', '1988-09-25', 7, 93, 'Dinas Peternakan dan Kesehatan Hewan Provinsi Sumatera Barat', NULL, '2020-08-10 01:55:43', '2020-08-10 01:55:43'),
('198810072011011001', 'Hamdi Irza, ST, MT', 'Padang Panjang', '1988-10-07', 8, 47, 'Badan Perencanaan Pembangunan Daerah', NULL, '2020-08-10 01:41:26', '2020-08-10 01:41:26'),
('198902272011012004', 'Winda Dwi Melisa', 'Padang', '1989-02-27', 6, 54, 'Dinas Penanaman Modal dan Pelayanan Terpadu Satu Pintu Provinsi Sumatera Barat', NULL, '2020-08-05 17:59:36', '2020-08-05 17:59:36'),
('198903122015021001', 'Engki', 'Bukittinggi', '1989-03-12', 6, 213, 'Dinas Pengelolaan Sumber Daya Air Provinsi Sumatera Barat', NULL, '2020-08-06 02:38:10', '2020-08-06 02:38:10'),
('198906222015021002', 'Juan Kelvin', 'Batam', '1989-06-22', 6, 213, 'Dinas Pengelolaan Sumber Daya Air Provinsi Sumatera Barat', NULL, '2020-08-05 23:49:35', '2020-08-05 23:49:35'),
('198909011980032010', 'Dra. Surya Esra', 'Simpang Tonang', '1963-09-01', 14, 44, 'Dinas Kearsipan dan Perpustakaan Provinsi Sumatera Barat', NULL, '2020-08-09 21:49:21', '2020-08-09 21:49:21'),
('198910012014031001', 'Suhendro, A.Md', 'Jambak', '1989-10-01', 5, 111, 'UPTD BPSB Sumbar', NULL, '2020-08-10 16:52:33', '2020-08-10 16:52:33'),
('199004032015022001', 'Hadiatul rahayu', 'Padang', '1990-04-03', 5, 39, 'Sekretariat DPRD Provinsi Sumatera Barat', NULL, '2020-08-09 22:25:18', '2020-08-09 22:25:18'),
('199005152015022003', 'VINNI FITRIA, A.Md', 'Padang', '1990-05-15', 5, 39, 'Dinas Kearsipan dan Perpustakaan Provinsi Sumatera Barat', NULL, '2020-08-09 22:14:02', '2020-08-09 22:14:02'),
('199009012015022003', 'Hera Arman', 'Pasaman Barat', '1990-09-01', 7, 28, 'Dinas Komunikasi dan Informatika Provinsi Sumatera Barat', NULL, '2020-08-10 20:27:06', '2020-08-10 20:27:06'),
('199101082014031001', 'Andri Iman Saputra', 'Pekanbaru', '1991-01-08', 5, 111, 'UPTD. BPSB Sumbar', NULL, '2020-08-06 05:39:58', '2020-08-06 05:39:58'),
('199106132015022003', 'WULAN KOMALA SARI, S.Si', 'TANAH DATAR', '1991-06-13', 7, 106, 'UPTD BP2MB-PTP, DINAS TANAMAN PANGAN HORTIKULTURA DAN PERKEBUNAN PROV SUMBAR', NULL, '2020-08-06 23:59:05', '2020-08-06 23:59:05'),
('199109032015022002', 'Septia Nuril A.md', 'Bukittinggi', '1991-09-03', 5, 111, 'UPTD BALAI PENGAWASAN DAN SERTIFIKASI BENIH PROVINSI SUMATERA BARAT', NULL, '2020-08-06 05:55:39', '2020-08-06 05:55:39'),
('199109142014032002', 'Septian Feronika, A.Md', 'Sicincin Mudik', '1991-09-14', 5, 111, 'UPTD BPSB PROV SUMBAR', NULL, '2020-08-06 08:07:18', '2020-08-06 08:07:18'),
('199112052015032005', 'RIA DESRI ALEX ASMENIA, A.Md', 'SUKABUMI', '1991-12-06', 5, 39, 'BADAN KEPEGAWAIAN DAN PENGEMBANGAN SDM KOTA SAWAHLUNTO', NULL, '2020-08-10 00:18:11', '2020-08-10 00:18:11'),
('199112292015022005', 'Yola Tri Handika', 'Tanah Datar', '1991-12-29', 7, 28, 'Dinas Komunikasi dan Informatika Provinsi Sumatera Barat', NULL, '2020-08-10 01:31:28', '2020-08-10 01:31:28'),
('199210202019032007', 'Yulia oktorita, Amd. AK', 'Pasar kambang pesisir selatan', '1992-10-20', 4, 291, 'RSUD M. NATSIR SOLOK', NULL, '2020-08-06 17:50:08', '2020-08-06 17:50:08'),
('199303232015021001', 'Daniel Dwi Marta', 'Pangkalan', '1993-03-23', 4, 32, 'Dinas Kearsipan dan Perpustakan Provinsi Sumatera Barat', NULL, '2020-08-10 18:32:52', '2020-08-10 18:32:52'),
('199309022019032016', 'Ns. Rahima Khairina, S. Kep', 'Padang', '1993-09-02', 7, 259, 'RSUD M. NATSIR', NULL, '2020-08-06 06:40:49', '2020-08-06 06:40:49'),
('199410192019032006', 'Nadia Primayeszky, Amd.Kep', 'Solok', '1994-10-19', 4, 269, 'RSUD M. NATSIR', NULL, '2020-08-06 01:50:34', '2020-08-06 01:50:34'),
('199411072019031005', 'LEO AGUNG JAKA ADIWIBOWO, A. Md., Farm.', 'MUARA SIBERUT', '1994-11-07', 4, 284, 'RSUD M. NATSIR', NULL, '2020-08-06 03:51:57', '2020-08-06 03:51:57'),
('199507132019032016', 'Siska Wulandari', 'Medan', '1995-07-13', 7, 220, 'SMAN 1 MAPAT TUNGGUL', NULL, '2020-08-06 05:21:01', '2020-08-06 05:21:01'),
('199610042019032009', 'Chairani Rahma Putri', 'Padang', '1996-10-04', 4, 269, 'RSUD M. Natsir', NULL, '2020-08-06 04:00:47', '2020-08-06 04:00:47');

-- --------------------------------------------------------

--
-- Table structure for table `rumpun_jabatan`
--

CREATE TABLE `rumpun_jabatan` (
  `id` bigint(20) UNSIGNED NOT NULL,
  `nama` varchar(255) COLLATE utf8mb4_unicode_ci NOT NULL,
  `id_instansi` bigint(20) UNSIGNED NOT NULL,
  `created_at` timestamp NULL DEFAULT NULL,
  `updated_at` timestamp NULL DEFAULT NULL
) ENGINE=InnoDB DEFAULT CHARSET=utf8mb4 COLLATE=utf8mb4_unicode_ci;

--
-- Dumping data for table `rumpun_jabatan`
--

INSERT INTO `rumpun_jabatan` (`id`, `nama`, `id_instansi`, `created_at`, `updated_at`) VALUES
(3, 'Akuntan dan Anggaran', 8, '2020-06-21 20:21:15', '2020-06-21 20:21:15'),
(4, 'Politik dan Hubungan Luar Negeri', 7, '2020-06-21 20:43:40', '2020-06-21 20:43:40'),
(5, 'Matematika, Statistika, dan yang berkaitan', 9, '2020-06-21 20:47:15', '2020-06-21 20:47:15'),
(6, 'Manajemen', 10, '2020-06-21 20:54:19', '2020-06-21 20:54:19'),
(7, 'Kekomputeran', 11, '2020-06-21 20:57:50', '2020-06-21 20:57:50'),
(8, 'Arsiparis, Pustakawan dan yang lain berkaitan', 12, '2020-06-21 20:59:13', '2020-06-21 20:59:13'),
(9, 'Manajemen', 14, '2020-06-21 21:00:22', '2020-06-21 21:00:22'),
(10, 'Manajemen', 15, '2020-06-21 21:01:08', '2020-06-21 21:01:08'),
(11, 'Manajemen', 16, '2020-06-21 21:03:33', '2020-06-21 21:03:33'),
(12, 'Manajemen', 3, '2020-06-21 21:04:43', '2020-06-21 21:04:43'),
(13, 'Penerangan dan Seni Budaya', 17, '2020-06-21 21:06:47', '2020-06-22 07:54:39'),
(14, 'Pendidikan lainnya', 3, '2020-06-21 21:07:38', '2020-06-21 21:07:38'),
(15, 'Ilmu Hayat', 19, '2020-06-21 21:09:39', '2020-06-21 21:09:39'),
(16, 'Ilmu Hayat', 20, '2020-06-21 21:16:17', '2020-06-21 21:16:17'),
(17, 'Penyidik dan detektif', 22, '2020-06-21 21:18:56', '2020-06-21 21:18:56'),
(18, 'Ilmu Hayat', 22, '2020-06-21 21:19:28', '2020-06-21 21:19:28'),
(19, 'Ilmu Sosial dan yang berkaitan', 26, '2020-06-21 21:22:26', '2020-06-21 21:22:26'),
(20, 'Pengawas Kualitas dan Keamanan', 26, '2020-06-21 21:23:18', '2020-06-21 21:23:18'),
(21, 'Hukum dan peradilan', 26, '2020-06-21 21:24:05', '2020-06-21 21:24:05'),
(22, 'Pengawas Kualitas dan Keamanan', 26, '2020-06-21 21:37:12', '2020-06-21 21:37:12'),
(23, 'Ilmu Sosial dan yang berkaitan', 26, '2020-06-21 21:38:08', '2020-06-21 21:38:08'),
(24, 'Pendidikan dan lainnya', 26, '2020-06-21 21:39:18', '2020-06-21 21:39:18'),
(25, 'Ilmu Sosial dan yang berkaitan', 6, '2020-06-21 21:40:37', '2020-06-21 21:40:37'),
(26, 'Arsitek, Insinyur, dan yang berkaitan', 29, '2020-06-21 21:45:35', '2020-06-21 21:45:35'),
(27, 'Penyidik dan Detektif', 7, '2020-06-21 21:46:50', '2020-06-21 21:46:50'),
(28, 'Arsitek, Insinyur, dan yang berkaitan', 30, '2020-06-21 21:48:45', '2020-06-21 21:48:45'),
(29, 'Pendidikan dan lainnya', 4, '2020-06-21 21:49:49', '2020-06-21 21:49:49'),
(30, 'Pendidikan Tingkat Taman Kanak-Kanak, Dasar, Lanjutan, dan Sekolah Khusus', 4, '2020-06-21 21:51:13', '2020-06-22 07:54:00'),
(31, 'Ilmu Sosial dan yang berkaitan', 31, '2020-06-21 21:55:23', '2020-06-22 07:53:06'),
(32, 'Pengawas Kualitas dan Keamanan', 32, '2020-06-21 21:56:43', '2020-06-21 21:56:43'),
(33, 'Matematika, Statistika, dan yang berkaitan', 11, '2020-06-21 21:59:51', '2020-06-21 21:59:51'),
(34, 'Kesehatan', 34, '2020-06-21 22:03:41', '2020-06-21 22:04:15'),
(35, 'Arsiparis, Pustakawan, dan yang berkaitan', 13, '2020-06-21 22:22:27', '2020-06-21 22:22:27'),
(36, 'Manajemen', 14, '2020-06-21 22:25:03', '2020-06-21 23:44:50'),
(38, 'Penelitian dan Perekayasaan', 25, '2020-06-22 00:10:20', '2020-06-22 00:10:20');

-- --------------------------------------------------------

--
-- Table structure for table `sliders`
--

CREATE TABLE `sliders` (
  `id` bigint(20) UNSIGNED NOT NULL,
  `file_path` text COLLATE utf8mb4_unicode_ci NOT NULL,
  `created_at` timestamp NULL DEFAULT NULL,
  `updated_at` timestamp NULL DEFAULT NULL
) ENGINE=InnoDB DEFAULT CHARSET=utf8mb4 COLLATE=utf8mb4_unicode_ci;

--
-- Dumping data for table `sliders`
--

INSERT INTO `sliders` (`id`, `file_path`, `created_at`, `updated_at`) VALUES
(3, 'slider_5eef7348ae265_1592750920.jpg', '2020-06-21 07:48:40', '2020-06-21 07:48:40'),
(4, 'slider_5eef7358324b6_1592750936.jpg', '2020-06-21 07:48:56', '2020-06-21 07:48:56'),
(5, 'slider_5eef7362dad50_1592750946.jpg', '2020-06-21 07:49:06', '2020-06-21 07:49:06');

-- --------------------------------------------------------

--
-- Table structure for table `users`
--

CREATE TABLE `users` (
  `id` bigint(20) UNSIGNED NOT NULL,
  `nip` varchar(18) COLLATE utf8mb4_unicode_ci DEFAULT NULL,
  `email` varchar(255) COLLATE utf8mb4_unicode_ci NOT NULL,
  `email_verified_at` timestamp NULL DEFAULT NULL,
  `password` varchar(255) COLLATE utf8mb4_unicode_ci NOT NULL,
  `role` int(10) UNSIGNED NOT NULL DEFAULT 2,
  `remember_token` varchar(100) COLLATE utf8mb4_unicode_ci DEFAULT NULL,
  `created_at` timestamp NULL DEFAULT NULL,
  `updated_at` timestamp NULL DEFAULT NULL
) ENGINE=InnoDB DEFAULT CHARSET=utf8mb4 COLLATE=utf8mb4_unicode_ci;

--
-- Dumping data for table `users`
--

INSERT INTO `users` (`id`, `nip`, `email`, `email_verified_at`, `password`, `role`, `remember_token`, `created_at`, `updated_at`) VALUES
(1, NULL, 'admin@mail.com', NULL, '$2y$12$3ogotlNbZSzZPGCAIkX0P.jQ/l4l3Dg6vWxlR3FnhY2shX7r4tjdi', 1, NULL, '2020-06-20 10:56:47', '2020-06-20 10:56:47'),
(5, '197908062010011022', 'fathulhadia@gmail.com', NULL, '$2y$10$PxYoyoJviqrk7i6zRANS5uKCnLnUyyXVGmVuqT1jlHdrnmOT3TWBm', 2, NULL, '2020-06-23 17:48:43', '2020-06-23 17:48:43'),
(6, '196206101985031009', 'eliyusman22.ek@gmail.com', NULL, '$2y$10$kwdm9c.z5O48a.AMYqj.N.Bq8xPeqOYhujh13DKBN1ZnPSN4EEKny', 2, NULL, '2020-06-23 17:56:42', '2020-06-23 17:56:42'),
(7, '196604271990032001', 'lindrawaty270466@gmail.com', NULL, '$2y$10$AdEk.lzuQ6XL6H6SGMofQeCJsHiCjJs.b3sX4aNblVpbLzRP3Dt/G', 2, NULL, '2020-06-23 18:41:40', '2020-06-23 18:41:40'),
(9, '195904251987031003', 'weldibahari@gmail.com', NULL, '$2y$10$gHVqZqjPLXcokpHg8r6ZMenQrmtUPCJyMKKSnCxYaSV6eHrjLhEpa', 2, NULL, '2020-06-23 20:21:15', '2020-06-23 20:21:15'),
(13, '197709192010011011', 'fadhlan.maswir@gmail.com', NULL, '$2y$10$.6H8po096jqQH5lUbrG4l.oPpmirQw9bWYpESpfdakjDSAxb6FUvq', 2, NULL, '2020-06-24 18:35:22', '2020-06-24 18:35:22'),
(14, '195907231986032003', 'evamanjas.manjas@yahoo.com', NULL, '$2y$10$.Q62h4bIPXlosghwsbzSRO4dqkmcrpAPUpM1nTNToIXL8KIOOSO06', 2, NULL, '2020-06-24 21:43:26', '2020-06-24 21:43:26'),
(15, '197511021999032003', 'weni_nof@yahoo.com', NULL, '$2y$10$HdiNCovV/KtmDQAcPewUsuLSr8DJZZz.Av2OHge/yjqgCHQEFpuSm', 2, NULL, '2020-06-25 06:18:32', '2020-06-25 06:18:32'),
(17, '198003172003122005', 'mdanhas@gmail.com', NULL, '$2y$10$IdLdariHluS6tpbUQNimWOO4R7Rr4a8yzSP8xXgv4pllskHQeY67u', 2, NULL, '2020-06-25 08:25:07', '2020-06-25 08:25:07'),
(18, '197112281997011002', 'prihantony@gmail.com', NULL, '$2y$10$/lyXXCcw0B/4xFiwcSxS/Oek86eijyYDG2KFLthrOcXDexaXqUnSK', 2, NULL, '2020-06-25 17:06:07', '2020-06-25 17:06:07'),
(19, '196012181992021001', 'patrianasridal@gmail.com', NULL, '$2y$10$rYX04kBCUUtFAUgUfD9y8.FlkWwfvi5VeCPVLMN47PbtSMaIpCCbO', 2, NULL, '2020-06-25 17:30:26', '2020-06-25 17:30:26'),
(21, '196904272005012004', 'tundewi69@gmail.com', NULL, '$2y$10$qC/u5MW030QxiBjfyW5UVuHam2KoHaAZcfw5rjvf8mp63lP2P18l2', 2, NULL, '2020-06-26 02:52:48', '2020-06-26 02:52:48'),
(22, '196808232003122001', 'gusnidaamir68@gmail.com', NULL, '$2y$10$5WYHpjudcElEAgtL7uZzVeSusKOjT5xc./sC.vgavjSkbelJUFQFC', 2, NULL, '2020-06-26 02:55:42', '2020-06-26 02:55:42'),
(23, '196405151992021001', 'maihalfri.1964@gmail.com', NULL, '$2y$10$G1UCb4fgQamFI3RjSLJGXu8hUfgfWj4Tq.O9PWW6QVkMj9uE2krUa', 2, NULL, '2020-06-26 02:59:57', '2020-06-26 02:59:57'),
(24, '196606151992031002', 'hafizurrahman150666@gmail.com', NULL, '$2y$10$ONkvR.fV/wmMJAK.tjY0QueSgiaT6weelQRH6lDHhIr8SEaoonLGK', 2, NULL, '2020-06-26 04:53:40', '2020-06-26 04:53:40'),
(25, '197102161998032003', 'rinipebrianij@gmail.com', NULL, '$2y$10$ed6PyhPQ6gFr6kr00tMYdu86aTPtiHR7kXAWXB9/ZWjZSOUNSJpDS', 2, NULL, '2020-06-26 05:32:01', '2020-06-26 05:32:01'),
(26, '198412042011012002', 'saridesirizta@gmail.com', NULL, '$2y$10$uJj4Juoeuefcngi5vzUtQ..Dbu92LKH8FqwQH4DHL7igB3e6BLQwq', 2, NULL, '2020-06-26 05:57:22', '2020-06-26 05:57:22'),
(27, '198209012005032007', 'sucimardiyahpdg@gmail.com', NULL, '$2y$10$4Zhvbqq3xZiugPSXShYgc.uzrFMLmaPQBRkHimCOyiqAh8iltd3N6', 2, NULL, '2020-06-26 15:52:05', '2020-06-26 15:52:05'),
(28, '197310051992021001', 'yanisonmnsemm@yahoo.co.id', NULL, '$2y$10$fRa/zDifiOklIO5VyXawl.a3h.sGRHWc0FkDiXyC/FSdXY2IwsWXq', 2, NULL, '2020-06-27 20:10:32', '2020-06-27 20:10:32'),
(29, '197303022011011001', 'busradjakry1973@gmail.com', NULL, '$2y$10$xpJYP05LBLHeecSOxwgkf.CJsHTjrwYpkZI8JtLny1yU/5nGMKZMu', 2, NULL, '2020-06-27 21:26:54', '2020-06-27 21:26:54'),
(30, '196807251988031001', 'z_warman68@yahoo.com', NULL, '$2y$10$4OuIe03T84V9t.09ifyaXu1S1HKqcLEDefuC94bAEELP3IVeUvzz.', 2, NULL, '2020-06-28 05:11:40', '2020-06-28 05:11:40'),
(31, '196209031992032002', 'sunevabasri84@gmail.com', NULL, '$2y$10$pVLLj3Nd4iT2al2ahNOL1.QkS5KCLwCSmr1y/okM4CavC2OVPgtuO', 2, NULL, '2020-06-28 18:36:06', '2020-06-28 18:36:06'),
(33, '199009012015022003', 'ea.hera@gmail.com', NULL, '$2y$10$mj/KOFUEvY70LcLZLU5jSuCfqwgYqe03selRObu0thMbypr.uhCVe', 2, NULL, '2020-08-10 23:46:17', '2020-08-10 23:46:17');

--
-- Indexes for dumped tables
--

--
-- Indexes for table `categories`
--
ALTER TABLE `categories`
  ADD PRIMARY KEY (`id`);

--
-- Indexes for table `dasar_hukum`
--
ALTER TABLE `dasar_hukum`
  ADD PRIMARY KEY (`id`);

--
-- Indexes for table `detail_jabfung`
--
ALTER TABLE `detail_jabfung`
  ADD PRIMARY KEY (`id`),
  ADD KEY `detail_jabfung_jabfung_foreign` (`jabfung`),
  ADD KEY `detail_jabfung_kategori_foreign` (`kategori`);

--
-- Indexes for table `diklat_yang_diikuti`
--
ALTER TABLE `diklat_yang_diikuti`
  ADD PRIMARY KEY (`id`,`nip`),
  ADD KEY `diklat_yang_diikuti_nip_foreign` (`nip`);

--
-- Indexes for table `failed_jobs`
--
ALTER TABLE `failed_jobs`
  ADD PRIMARY KEY (`id`);

--
-- Indexes for table `golongans`
--
ALTER TABLE `golongans`
  ADD PRIMARY KEY (`id`);

--
-- Indexes for table `instansi_pembina`
--
ALTER TABLE `instansi_pembina`
  ADD PRIMARY KEY (`id`);

--
-- Indexes for table `jabatan_fungsional`
--
ALTER TABLE `jabatan_fungsional`
  ADD PRIMARY KEY (`id`),
  ADD KEY `jabatan_fungsional_id_rumpun_jabatan_foreign` (`id_rumpun_jabatan`);

--
-- Indexes for table `jenjang_jabfung`
--
ALTER TABLE `jenjang_jabfung`
  ADD PRIMARY KEY (`id`),
  ADD KEY `jenjang_jabfung_id_detail_jabfung_foreign` (`id_detail_jabfung`);

--
-- Indexes for table `migrations`
--
ALTER TABLE `migrations`
  ADD PRIMARY KEY (`id`);

--
-- Indexes for table `pegawais`
--
ALTER TABLE `pegawais`
  ADD PRIMARY KEY (`nip`),
  ADD KEY `pegawais_golongan_foreign` (`golongan`),
  ADD KEY `pegawais_id_jenjang_jabfung_foreign` (`id_jenjang_jabfung`);

--
-- Indexes for table `rumpun_jabatan`
--
ALTER TABLE `rumpun_jabatan`
  ADD PRIMARY KEY (`id`),
  ADD KEY `rumpun_jabatan_id_instansi_foreign` (`id_instansi`);

--
-- Indexes for table `sliders`
--
ALTER TABLE `sliders`
  ADD PRIMARY KEY (`id`);

--
-- Indexes for table `users`
--
ALTER TABLE `users`
  ADD PRIMARY KEY (`id`);

--
-- AUTO_INCREMENT for dumped tables
--

--
-- AUTO_INCREMENT for table `users`
--
ALTER TABLE `users`
  MODIFY `id` bigint(20) UNSIGNED NOT NULL AUTO_INCREMENT, AUTO_INCREMENT=34;
COMMIT;

/*!40101 SET CHARACTER_SET_CLIENT=@OLD_CHARACTER_SET_CLIENT */;
/*!40101 SET CHARACTER_SET_RESULTS=@OLD_CHARACTER_SET_RESULTS */;
/*!40101 SET COLLATION_CONNECTION=@OLD_COLLATION_CONNECTION */;
